[0.110s] DEBUG:colcon:Command line arguments: ['/usr/bin/colcon', 'build', '--packages-select', 'depthimage_to_laserscan', '--symlink-install', '--allow-overriding', 'depthimage_to_laserscan']
[0.110s] DEBUG:colcon:Parsed command line arguments: Namespace(log_base=None, log_level=None, verb_name='build', build_base='build', install_base='install', merge_install=False, symlink_install=True, test_result_base=None, continue_on_error=False, executor='parallel', parallel_workers=20, event_handlers=None, ignore_user_meta=False, metas=['./colcon.meta'], base_paths=['.'], packages_ignore=None, packages_ignore_regex=None, paths=None, packages_up_to=None, packages_up_to_regex=None, packages_above=None, packages_above_and_dependencies=None, packages_above_depth=None, packages_select_by_dep=None, packages_skip_by_dep=None, packages_skip_up_to=None, packages_select_build_failed=False, packages_skip_build_finished=False, packages_select_test_failures=False, packages_skip_test_passed=False, packages_select=['depthimage_to_laserscan'], packages_skip=None, packages_select_regex=None, packages_skip_regex=None, packages_start=None, packages_end=None, allow_overriding=['depthimage_to_laserscan'], cmake_args=None, cmake_target=None, cmake_target_skip_unavailable=False, cmake_clean_cache=False, cmake_clean_first=False, cmake_force_configure=False, ament_cmake_args=None, catkin_cmake_args=None, catkin_skip_building_tests=False, mixin_files=None, mixin=None, verb_parser=<colcon_mixin.mixin.mixin_argument.MixinArgumentDecorator object at 0x731507297ad0>, verb_extension=<colcon_core.verb.build.BuildVerb object at 0x73150723bfe0>, main=<bound method BuildVerb.main of <colcon_core.verb.build.BuildVerb object at 0x73150723bfe0>>, mixin_verb=('build',))
[0.133s] Level 1:colcon.colcon_core.package_discovery:discover_packages(colcon_meta) check parameters
[0.133s] Level 1:colcon.colcon_core.package_discovery:discover_packages(recursive) check parameters
[0.133s] Level 1:colcon.colcon_core.package_discovery:discover_packages(ignore) check parameters
[0.133s] Level 1:colcon.colcon_core.package_discovery:discover_packages(path) check parameters
[0.133s] Level 1:colcon.colcon_core.package_discovery:discover_packages(colcon_meta) discover
[0.133s] Level 1:colcon.colcon_core.package_discovery:discover_packages(recursive) discover
[0.133s] INFO:colcon.colcon_core.package_discovery:Crawling recursively for packages in '/home/haadi/ROS2_Crash_Course/ros2_ws/src'
[0.133s] Level 1:colcon.colcon_core.package_identification:_identify(.) by extensions ['ignore', 'ignore_ament_install']
[0.133s] Level 1:colcon.colcon_core.package_identification:_identify(.) by extension 'ignore'
[0.133s] Level 1:colcon.colcon_core.package_identification:_identify(.) by extension 'ignore_ament_install'
[0.133s] Level 1:colcon.colcon_core.package_identification:_identify(.) by extensions ['colcon_pkg']
[0.133s] Level 1:colcon.colcon_core.package_identification:_identify(.) by extension 'colcon_pkg'
[0.133s] Level 1:colcon.colcon_core.package_identification:_identify(.) by extensions ['colcon_meta']
[0.133s] Level 1:colcon.colcon_core.package_identification:_identify(.) by extension 'colcon_meta'
[0.133s] Level 1:colcon.colcon_core.package_identification:_identify(.) by extensions ['ros']
[0.133s] Level 1:colcon.colcon_core.package_identification:_identify(.) by extension 'ros'
[0.150s] Level 1:colcon.colcon_core.package_identification:_identify(.) by extensions ['cmake', 'python']
[0.150s] Level 1:colcon.colcon_core.package_identification:_identify(.) by extension 'cmake'
[0.150s] Level 1:colcon.colcon_core.package_identification:_identify(.) by extension 'python'
[0.150s] Level 1:colcon.colcon_core.package_identification:_identify(.) by extensions ['python_setup_py']
[0.150s] Level 1:colcon.colcon_core.package_identification:_identify(.) by extension 'python_setup_py'
[0.150s] Level 1:colcon.colcon_core.package_identification:_identify(build) by extensions ['ignore', 'ignore_ament_install']
[0.150s] Level 1:colcon.colcon_core.package_identification:_identify(build) by extension 'ignore'
[0.150s] Level 1:colcon.colcon_core.package_identification:_identify(build) ignored
[0.150s] Level 1:colcon.colcon_core.package_identification:_identify(cerveza_tb_planning-master) by extensions ['ignore', 'ignore_ament_install']
[0.150s] Level 1:colcon.colcon_core.package_identification:_identify(cerveza_tb_planning-master) by extension 'ignore'
[0.150s] Level 1:colcon.colcon_core.package_identification:_identify(cerveza_tb_planning-master) by extension 'ignore_ament_install'
[0.150s] Level 1:colcon.colcon_core.package_identification:_identify(cerveza_tb_planning-master) by extensions ['colcon_pkg']
[0.150s] Level 1:colcon.colcon_core.package_identification:_identify(cerveza_tb_planning-master) by extension 'colcon_pkg'
[0.150s] Level 1:colcon.colcon_core.package_identification:_identify(cerveza_tb_planning-master) by extensions ['colcon_meta']
[0.150s] Level 1:colcon.colcon_core.package_identification:_identify(cerveza_tb_planning-master) by extension 'colcon_meta'
[0.150s] Level 1:colcon.colcon_core.package_identification:_identify(cerveza_tb_planning-master) by extensions ['ros']
[0.150s] Level 1:colcon.colcon_core.package_identification:_identify(cerveza_tb_planning-master) by extension 'ros'
[0.152s] DEBUG:colcon.colcon_core.package_identification:Package 'cerveza_tb_planning-master' with type 'ros.ament_python' and name 'cerveza_tb_planning'
[0.152s] Level 1:colcon.colcon_core.package_identification:_identify(depthimage_to_laserscan) by extensions ['ignore', 'ignore_ament_install']
[0.152s] Level 1:colcon.colcon_core.package_identification:_identify(depthimage_to_laserscan) by extension 'ignore'
[0.152s] Level 1:colcon.colcon_core.package_identification:_identify(depthimage_to_laserscan) by extension 'ignore_ament_install'
[0.152s] Level 1:colcon.colcon_core.package_identification:_identify(depthimage_to_laserscan) by extensions ['colcon_pkg']
[0.152s] Level 1:colcon.colcon_core.package_identification:_identify(depthimage_to_laserscan) by extension 'colcon_pkg'
[0.152s] Level 1:colcon.colcon_core.package_identification:_identify(depthimage_to_laserscan) by extensions ['colcon_meta']
[0.152s] Level 1:colcon.colcon_core.package_identification:_identify(depthimage_to_laserscan) by extension 'colcon_meta'
[0.152s] Level 1:colcon.colcon_core.package_identification:_identify(depthimage_to_laserscan) by extensions ['ros']
[0.152s] Level 1:colcon.colcon_core.package_identification:_identify(depthimage_to_laserscan) by extension 'ros'
[0.152s] DEBUG:colcon.colcon_core.package_identification:Package 'depthimage_to_laserscan' with type 'ros.ament_cmake' and name 'depthimage_to_laserscan'
[0.153s] Level 1:colcon.colcon_core.package_identification:_identify(install) by extensions ['ignore', 'ignore_ament_install']
[0.153s] Level 1:colcon.colcon_core.package_identification:_identify(install) by extension 'ignore'
[0.153s] Level 1:colcon.colcon_core.package_identification:_identify(install) ignored
[0.153s] Level 1:colcon.colcon_core.package_identification:_identify(kobuki_description) by extensions ['ignore', 'ignore_ament_install']
[0.153s] Level 1:colcon.colcon_core.package_identification:_identify(kobuki_description) by extension 'ignore'
[0.153s] Level 1:colcon.colcon_core.package_identification:_identify(kobuki_description) by extension 'ignore_ament_install'
[0.153s] Level 1:colcon.colcon_core.package_identification:_identify(kobuki_description) by extensions ['colcon_pkg']
[0.153s] Level 1:colcon.colcon_core.package_identification:_identify(kobuki_description) by extension 'colcon_pkg'
[0.153s] Level 1:colcon.colcon_core.package_identification:_identify(kobuki_description) by extensions ['colcon_meta']
[0.153s] Level 1:colcon.colcon_core.package_identification:_identify(kobuki_description) by extension 'colcon_meta'
[0.153s] Level 1:colcon.colcon_core.package_identification:_identify(kobuki_description) by extensions ['ros']
[0.153s] Level 1:colcon.colcon_core.package_identification:_identify(kobuki_description) by extension 'ros'
[0.153s] DEBUG:colcon.colcon_core.package_identification:Package 'kobuki_description' with type 'ros.ament_cmake' and name 'kobuki_description'
[0.153s] Level 1:colcon.colcon_core.package_identification:_identify(lab1_1) by extensions ['ignore', 'ignore_ament_install']
[0.153s] Level 1:colcon.colcon_core.package_identification:_identify(lab1_1) by extension 'ignore'
[0.153s] Level 1:colcon.colcon_core.package_identification:_identify(lab1_1) by extension 'ignore_ament_install'
[0.153s] Level 1:colcon.colcon_core.package_identification:_identify(lab1_1) by extensions ['colcon_pkg']
[0.153s] Level 1:colcon.colcon_core.package_identification:_identify(lab1_1) by extension 'colcon_pkg'
[0.153s] Level 1:colcon.colcon_core.package_identification:_identify(lab1_1) by extensions ['colcon_meta']
[0.153s] Level 1:colcon.colcon_core.package_identification:_identify(lab1_1) by extension 'colcon_meta'
[0.153s] Level 1:colcon.colcon_core.package_identification:_identify(lab1_1) by extensions ['ros']
[0.153s] Level 1:colcon.colcon_core.package_identification:_identify(lab1_1) by extension 'ros'
[0.154s] DEBUG:colcon.colcon_core.package_identification:Package 'lab1_1' with type 'ros.ament_python' and name 'lab1_1'
[0.154s] Level 1:colcon.colcon_core.package_identification:_identify(localisation) by extensions ['ignore', 'ignore_ament_install']
[0.154s] Level 1:colcon.colcon_core.package_identification:_identify(localisation) by extension 'ignore'
[0.154s] Level 1:colcon.colcon_core.package_identification:_identify(localisation) by extension 'ignore_ament_install'
[0.154s] Level 1:colcon.colcon_core.package_identification:_identify(localisation) by extensions ['colcon_pkg']
[0.154s] Level 1:colcon.colcon_core.package_identification:_identify(localisation) by extension 'colcon_pkg'
[0.154s] Level 1:colcon.colcon_core.package_identification:_identify(localisation) by extensions ['colcon_meta']
[0.154s] Level 1:colcon.colcon_core.package_identification:_identify(localisation) by extension 'colcon_meta'
[0.154s] Level 1:colcon.colcon_core.package_identification:_identify(localisation) by extensions ['ros']
[0.154s] Level 1:colcon.colcon_core.package_identification:_identify(localisation) by extension 'ros'
[0.154s] DEBUG:colcon.colcon_core.package_identification:Package 'localisation' with type 'ros.ament_python' and name 'localisation'
[0.154s] Level 1:colcon.colcon_core.package_identification:_identify(log) by extensions ['ignore', 'ignore_ament_install']
[0.154s] Level 1:colcon.colcon_core.package_identification:_identify(log) by extension 'ignore'
[0.154s] Level 1:colcon.colcon_core.package_identification:_identify(log) ignored
[0.154s] Level 1:colcon.colcon_core.package_identification:_identify(octomap_rviz_plugins) by extensions ['ignore', 'ignore_ament_install']
[0.154s] Level 1:colcon.colcon_core.package_identification:_identify(octomap_rviz_plugins) by extension 'ignore'
[0.154s] Level 1:colcon.colcon_core.package_identification:_identify(octomap_rviz_plugins) by extension 'ignore_ament_install'
[0.154s] Level 1:colcon.colcon_core.package_identification:_identify(octomap_rviz_plugins) by extensions ['colcon_pkg']
[0.154s] Level 1:colcon.colcon_core.package_identification:_identify(octomap_rviz_plugins) by extension 'colcon_pkg'
[0.154s] Level 1:colcon.colcon_core.package_identification:_identify(octomap_rviz_plugins) by extensions ['colcon_meta']
[0.154s] Level 1:colcon.colcon_core.package_identification:_identify(octomap_rviz_plugins) by extension 'colcon_meta'
[0.154s] Level 1:colcon.colcon_core.package_identification:_identify(octomap_rviz_plugins) by extensions ['ros']
[0.154s] Level 1:colcon.colcon_core.package_identification:_identify(octomap_rviz_plugins) by extension 'ros'
[0.155s] DEBUG:colcon.colcon_core.package_identification:Package 'octomap_rviz_plugins' with type 'ros.ament_cmake' and name 'octomap_rviz_plugins'
[0.155s] Level 1:colcon.colcon_core.package_identification:_identify(rtabmap) by extensions ['ignore', 'ignore_ament_install']
[0.155s] Level 1:colcon.colcon_core.package_identification:_identify(rtabmap) by extension 'ignore'
[0.155s] Level 1:colcon.colcon_core.package_identification:_identify(rtabmap) by extension 'ignore_ament_install'
[0.155s] Level 1:colcon.colcon_core.package_identification:_identify(rtabmap) by extensions ['colcon_pkg']
[0.155s] Level 1:colcon.colcon_core.package_identification:_identify(rtabmap) by extension 'colcon_pkg'
[0.155s] Level 1:colcon.colcon_core.package_identification:_identify(rtabmap) by extensions ['colcon_meta']
[0.155s] Level 1:colcon.colcon_core.package_identification:_identify(rtabmap) by extension 'colcon_meta'
[0.155s] Level 1:colcon.colcon_core.package_identification:_identify(rtabmap) by extensions ['ros']
[0.155s] Level 1:colcon.colcon_core.package_identification:_identify(rtabmap) by extension 'ros'
[0.155s] DEBUG:colcon.colcon_core.package_identification:Package 'rtabmap' with type 'ros.cmake' and name 'rtabmap'
[0.155s] Level 1:colcon.colcon_core.package_identification:_identify(rtabmap_ros) by extensions ['ignore', 'ignore_ament_install']
[0.156s] Level 1:colcon.colcon_core.package_identification:_identify(rtabmap_ros) by extension 'ignore'
[0.156s] Level 1:colcon.colcon_core.package_identification:_identify(rtabmap_ros) by extension 'ignore_ament_install'
[0.156s] Level 1:colcon.colcon_core.package_identification:_identify(rtabmap_ros) by extensions ['colcon_pkg']
[0.156s] Level 1:colcon.colcon_core.package_identification:_identify(rtabmap_ros) by extension 'colcon_pkg'
[0.156s] Level 1:colcon.colcon_core.package_identification:_identify(rtabmap_ros) by extensions ['colcon_meta']
[0.156s] Level 1:colcon.colcon_core.package_identification:_identify(rtabmap_ros) by extension 'colcon_meta'
[0.156s] Level 1:colcon.colcon_core.package_identification:_identify(rtabmap_ros) by extensions ['ros']
[0.156s] Level 1:colcon.colcon_core.package_identification:_identify(rtabmap_ros) by extension 'ros'
[0.156s] Level 1:colcon.colcon_core.package_identification:_identify(rtabmap_ros) by extensions ['cmake', 'python']
[0.156s] Level 1:colcon.colcon_core.package_identification:_identify(rtabmap_ros) by extension 'cmake'
[0.156s] Level 1:colcon.colcon_core.package_identification:_identify(rtabmap_ros) by extension 'python'
[0.156s] Level 1:colcon.colcon_core.package_identification:_identify(rtabmap_ros) by extensions ['python_setup_py']
[0.156s] Level 1:colcon.colcon_core.package_identification:_identify(rtabmap_ros) by extension 'python_setup_py'
[0.156s] Level 1:colcon.colcon_core.package_identification:_identify(rtabmap_ros/docker) by extensions ['ignore', 'ignore_ament_install']
[0.156s] Level 1:colcon.colcon_core.package_identification:_identify(rtabmap_ros/docker) by extension 'ignore'
[0.156s] Level 1:colcon.colcon_core.package_identification:_identify(rtabmap_ros/docker) by extension 'ignore_ament_install'
[0.156s] Level 1:colcon.colcon_core.package_identification:_identify(rtabmap_ros/docker) by extensions ['colcon_pkg']
[0.156s] Level 1:colcon.colcon_core.package_identification:_identify(rtabmap_ros/docker) by extension 'colcon_pkg'
[0.156s] Level 1:colcon.colcon_core.package_identification:_identify(rtabmap_ros/docker) by extensions ['colcon_meta']
[0.156s] Level 1:colcon.colcon_core.package_identification:_identify(rtabmap_ros/docker) by extension 'colcon_meta'
[0.156s] Level 1:colcon.colcon_core.package_identification:_identify(rtabmap_ros/docker) by extensions ['ros']
[0.156s] Level 1:colcon.colcon_core.package_identification:_identify(rtabmap_ros/docker) by extension 'ros'
[0.156s] Level 1:colcon.colcon_core.package_identification:_identify(rtabmap_ros/docker) by extensions ['cmake', 'python']
[0.156s] Level 1:colcon.colcon_core.package_identification:_identify(rtabmap_ros/docker) by extension 'cmake'
[0.156s] Level 1:colcon.colcon_core.package_identification:_identify(rtabmap_ros/docker) by extension 'python'
[0.156s] Level 1:colcon.colcon_core.package_identification:_identify(rtabmap_ros/docker) by extensions ['python_setup_py']
[0.156s] Level 1:colcon.colcon_core.package_identification:_identify(rtabmap_ros/docker) by extension 'python_setup_py'
[0.156s] Level 1:colcon.colcon_core.package_identification:_identify(rtabmap_ros/docker/foxy) by extensions ['ignore', 'ignore_ament_install']
[0.156s] Level 1:colcon.colcon_core.package_identification:_identify(rtabmap_ros/docker/foxy) by extension 'ignore'
[0.156s] Level 1:colcon.colcon_core.package_identification:_identify(rtabmap_ros/docker/foxy) by extension 'ignore_ament_install'
[0.156s] Level 1:colcon.colcon_core.package_identification:_identify(rtabmap_ros/docker/foxy) by extensions ['colcon_pkg']
[0.156s] Level 1:colcon.colcon_core.package_identification:_identify(rtabmap_ros/docker/foxy) by extension 'colcon_pkg'
[0.156s] Level 1:colcon.colcon_core.package_identification:_identify(rtabmap_ros/docker/foxy) by extensions ['colcon_meta']
[0.156s] Level 1:colcon.colcon_core.package_identification:_identify(rtabmap_ros/docker/foxy) by extension 'colcon_meta'
[0.156s] Level 1:colcon.colcon_core.package_identification:_identify(rtabmap_ros/docker/foxy) by extensions ['ros']
[0.156s] Level 1:colcon.colcon_core.package_identification:_identify(rtabmap_ros/docker/foxy) by extension 'ros'
[0.156s] Level 1:colcon.colcon_core.package_identification:_identify(rtabmap_ros/docker/foxy) by extensions ['cmake', 'python']
[0.156s] Level 1:colcon.colcon_core.package_identification:_identify(rtabmap_ros/docker/foxy) by extension 'cmake'
[0.156s] Level 1:colcon.colcon_core.package_identification:_identify(rtabmap_ros/docker/foxy) by extension 'python'
[0.156s] Level 1:colcon.colcon_core.package_identification:_identify(rtabmap_ros/docker/foxy) by extensions ['python_setup_py']
[0.156s] Level 1:colcon.colcon_core.package_identification:_identify(rtabmap_ros/docker/foxy) by extension 'python_setup_py'
[0.156s] Level 1:colcon.colcon_core.package_identification:_identify(rtabmap_ros/docker/foxy/latest) by extensions ['ignore', 'ignore_ament_install']
[0.156s] Level 1:colcon.colcon_core.package_identification:_identify(rtabmap_ros/docker/foxy/latest) by extension 'ignore'
[0.156s] Level 1:colcon.colcon_core.package_identification:_identify(rtabmap_ros/docker/foxy/latest) by extension 'ignore_ament_install'
[0.156s] Level 1:colcon.colcon_core.package_identification:_identify(rtabmap_ros/docker/foxy/latest) by extensions ['colcon_pkg']
[0.156s] Level 1:colcon.colcon_core.package_identification:_identify(rtabmap_ros/docker/foxy/latest) by extension 'colcon_pkg'
[0.156s] Level 1:colcon.colcon_core.package_identification:_identify(rtabmap_ros/docker/foxy/latest) by extensions ['colcon_meta']
[0.156s] Level 1:colcon.colcon_core.package_identification:_identify(rtabmap_ros/docker/foxy/latest) by extension 'colcon_meta'
[0.157s] Level 1:colcon.colcon_core.package_identification:_identify(rtabmap_ros/docker/foxy/latest) by extensions ['ros']
[0.157s] Level 1:colcon.colcon_core.package_identification:_identify(rtabmap_ros/docker/foxy/latest) by extension 'ros'
[0.157s] Level 1:colcon.colcon_core.package_identification:_identify(rtabmap_ros/docker/foxy/latest) by extensions ['cmake', 'python']
[0.157s] Level 1:colcon.colcon_core.package_identification:_identify(rtabmap_ros/docker/foxy/latest) by extension 'cmake'
[0.157s] Level 1:colcon.colcon_core.package_identification:_identify(rtabmap_ros/docker/foxy/latest) by extension 'python'
[0.157s] Level 1:colcon.colcon_core.package_identification:_identify(rtabmap_ros/docker/foxy/latest) by extensions ['python_setup_py']
[0.157s] Level 1:colcon.colcon_core.package_identification:_identify(rtabmap_ros/docker/foxy/latest) by extension 'python_setup_py'
[0.157s] Level 1:colcon.colcon_core.package_identification:_identify(rtabmap_ros/docker/foxy/latest/hooks) by extensions ['ignore', 'ignore_ament_install']
[0.157s] Level 1:colcon.colcon_core.package_identification:_identify(rtabmap_ros/docker/foxy/latest/hooks) by extension 'ignore'
[0.157s] Level 1:colcon.colcon_core.package_identification:_identify(rtabmap_ros/docker/foxy/latest/hooks) by extension 'ignore_ament_install'
[0.157s] Level 1:colcon.colcon_core.package_identification:_identify(rtabmap_ros/docker/foxy/latest/hooks) by extensions ['colcon_pkg']
[0.157s] Level 1:colcon.colcon_core.package_identification:_identify(rtabmap_ros/docker/foxy/latest/hooks) by extension 'colcon_pkg'
[0.157s] Level 1:colcon.colcon_core.package_identification:_identify(rtabmap_ros/docker/foxy/latest/hooks) by extensions ['colcon_meta']
[0.157s] Level 1:colcon.colcon_core.package_identification:_identify(rtabmap_ros/docker/foxy/latest/hooks) by extension 'colcon_meta'
[0.157s] Level 1:colcon.colcon_core.package_identification:_identify(rtabmap_ros/docker/foxy/latest/hooks) by extensions ['ros']
[0.157s] Level 1:colcon.colcon_core.package_identification:_identify(rtabmap_ros/docker/foxy/latest/hooks) by extension 'ros'
[0.157s] Level 1:colcon.colcon_core.package_identification:_identify(rtabmap_ros/docker/foxy/latest/hooks) by extensions ['cmake', 'python']
[0.157s] Level 1:colcon.colcon_core.package_identification:_identify(rtabmap_ros/docker/foxy/latest/hooks) by extension 'cmake'
[0.157s] Level 1:colcon.colcon_core.package_identification:_identify(rtabmap_ros/docker/foxy/latest/hooks) by extension 'python'
[0.157s] Level 1:colcon.colcon_core.package_identification:_identify(rtabmap_ros/docker/foxy/latest/hooks) by extensions ['python_setup_py']
[0.157s] Level 1:colcon.colcon_core.package_identification:_identify(rtabmap_ros/docker/foxy/latest/hooks) by extension 'python_setup_py'
[0.157s] Level 1:colcon.colcon_core.package_identification:_identify(rtabmap_ros/docker/humble) by extensions ['ignore', 'ignore_ament_install']
[0.157s] Level 1:colcon.colcon_core.package_identification:_identify(rtabmap_ros/docker/humble) by extension 'ignore'
[0.157s] Level 1:colcon.colcon_core.package_identification:_identify(rtabmap_ros/docker/humble) by extension 'ignore_ament_install'
[0.157s] Level 1:colcon.colcon_core.package_identification:_identify(rtabmap_ros/docker/humble) by extensions ['colcon_pkg']
[0.157s] Level 1:colcon.colcon_core.package_identification:_identify(rtabmap_ros/docker/humble) by extension 'colcon_pkg'
[0.157s] Level 1:colcon.colcon_core.package_identification:_identify(rtabmap_ros/docker/humble) by extensions ['colcon_meta']
[0.157s] Level 1:colcon.colcon_core.package_identification:_identify(rtabmap_ros/docker/humble) by extension 'colcon_meta'
[0.157s] Level 1:colcon.colcon_core.package_identification:_identify(rtabmap_ros/docker/humble) by extensions ['ros']
[0.157s] Level 1:colcon.colcon_core.package_identification:_identify(rtabmap_ros/docker/humble) by extension 'ros'
[0.157s] Level 1:colcon.colcon_core.package_identification:_identify(rtabmap_ros/docker/humble) by extensions ['cmake', 'python']
[0.157s] Level 1:colcon.colcon_core.package_identification:_identify(rtabmap_ros/docker/humble) by extension 'cmake'
[0.157s] Level 1:colcon.colcon_core.package_identification:_identify(rtabmap_ros/docker/humble) by extension 'python'
[0.157s] Level 1:colcon.colcon_core.package_identification:_identify(rtabmap_ros/docker/humble) by extensions ['python_setup_py']
[0.157s] Level 1:colcon.colcon_core.package_identification:_identify(rtabmap_ros/docker/humble) by extension 'python_setup_py'
[0.157s] Level 1:colcon.colcon_core.package_identification:_identify(rtabmap_ros/docker/humble/latest) by extensions ['ignore', 'ignore_ament_install']
[0.157s] Level 1:colcon.colcon_core.package_identification:_identify(rtabmap_ros/docker/humble/latest) by extension 'ignore'
[0.157s] Level 1:colcon.colcon_core.package_identification:_identify(rtabmap_ros/docker/humble/latest) by extension 'ignore_ament_install'
[0.157s] Level 1:colcon.colcon_core.package_identification:_identify(rtabmap_ros/docker/humble/latest) by extensions ['colcon_pkg']
[0.157s] Level 1:colcon.colcon_core.package_identification:_identify(rtabmap_ros/docker/humble/latest) by extension 'colcon_pkg'
[0.157s] Level 1:colcon.colcon_core.package_identification:_identify(rtabmap_ros/docker/humble/latest) by extensions ['colcon_meta']
[0.157s] Level 1:colcon.colcon_core.package_identification:_identify(rtabmap_ros/docker/humble/latest) by extension 'colcon_meta'
[0.157s] Level 1:colcon.colcon_core.package_identification:_identify(rtabmap_ros/docker/humble/latest) by extensions ['ros']
[0.157s] Level 1:colcon.colcon_core.package_identification:_identify(rtabmap_ros/docker/humble/latest) by extension 'ros'
[0.157s] Level 1:colcon.colcon_core.package_identification:_identify(rtabmap_ros/docker/humble/latest) by extensions ['cmake', 'python']
[0.157s] Level 1:colcon.colcon_core.package_identification:_identify(rtabmap_ros/docker/humble/latest) by extension 'cmake'
[0.157s] Level 1:colcon.colcon_core.package_identification:_identify(rtabmap_ros/docker/humble/latest) by extension 'python'
[0.157s] Level 1:colcon.colcon_core.package_identification:_identify(rtabmap_ros/docker/humble/latest) by extensions ['python_setup_py']
[0.157s] Level 1:colcon.colcon_core.package_identification:_identify(rtabmap_ros/docker/humble/latest) by extension 'python_setup_py'
[0.157s] Level 1:colcon.colcon_core.package_identification:_identify(rtabmap_ros/docker/indigo) by extensions ['ignore', 'ignore_ament_install']
[0.158s] Level 1:colcon.colcon_core.package_identification:_identify(rtabmap_ros/docker/indigo) by extension 'ignore'
[0.158s] Level 1:colcon.colcon_core.package_identification:_identify(rtabmap_ros/docker/indigo) by extension 'ignore_ament_install'
[0.158s] Level 1:colcon.colcon_core.package_identification:_identify(rtabmap_ros/docker/indigo) by extensions ['colcon_pkg']
[0.158s] Level 1:colcon.colcon_core.package_identification:_identify(rtabmap_ros/docker/indigo) by extension 'colcon_pkg'
[0.158s] Level 1:colcon.colcon_core.package_identification:_identify(rtabmap_ros/docker/indigo) by extensions ['colcon_meta']
[0.158s] Level 1:colcon.colcon_core.package_identification:_identify(rtabmap_ros/docker/indigo) by extension 'colcon_meta'
[0.158s] Level 1:colcon.colcon_core.package_identification:_identify(rtabmap_ros/docker/indigo) by extensions ['ros']
[0.158s] Level 1:colcon.colcon_core.package_identification:_identify(rtabmap_ros/docker/indigo) by extension 'ros'
[0.158s] Level 1:colcon.colcon_core.package_identification:_identify(rtabmap_ros/docker/indigo) by extensions ['cmake', 'python']
[0.158s] Level 1:colcon.colcon_core.package_identification:_identify(rtabmap_ros/docker/indigo) by extension 'cmake'
[0.158s] Level 1:colcon.colcon_core.package_identification:_identify(rtabmap_ros/docker/indigo) by extension 'python'
[0.158s] Level 1:colcon.colcon_core.package_identification:_identify(rtabmap_ros/docker/indigo) by extensions ['python_setup_py']
[0.158s] Level 1:colcon.colcon_core.package_identification:_identify(rtabmap_ros/docker/indigo) by extension 'python_setup_py'
[0.158s] Level 1:colcon.colcon_core.package_identification:_identify(rtabmap_ros/docker/indigo/latest) by extensions ['ignore', 'ignore_ament_install']
[0.158s] Level 1:colcon.colcon_core.package_identification:_identify(rtabmap_ros/docker/indigo/latest) by extension 'ignore'
[0.158s] Level 1:colcon.colcon_core.package_identification:_identify(rtabmap_ros/docker/indigo/latest) by extension 'ignore_ament_install'
[0.158s] Level 1:colcon.colcon_core.package_identification:_identify(rtabmap_ros/docker/indigo/latest) by extensions ['colcon_pkg']
[0.158s] Level 1:colcon.colcon_core.package_identification:_identify(rtabmap_ros/docker/indigo/latest) by extension 'colcon_pkg'
[0.158s] Level 1:colcon.colcon_core.package_identification:_identify(rtabmap_ros/docker/indigo/latest) by extensions ['colcon_meta']
[0.158s] Level 1:colcon.colcon_core.package_identification:_identify(rtabmap_ros/docker/indigo/latest) by extension 'colcon_meta'
[0.158s] Level 1:colcon.colcon_core.package_identification:_identify(rtabmap_ros/docker/indigo/latest) by extensions ['ros']
[0.158s] Level 1:colcon.colcon_core.package_identification:_identify(rtabmap_ros/docker/indigo/latest) by extension 'ros'
[0.158s] Level 1:colcon.colcon_core.package_identification:_identify(rtabmap_ros/docker/indigo/latest) by extensions ['cmake', 'python']
[0.158s] Level 1:colcon.colcon_core.package_identification:_identify(rtabmap_ros/docker/indigo/latest) by extension 'cmake'
[0.158s] Level 1:colcon.colcon_core.package_identification:_identify(rtabmap_ros/docker/indigo/latest) by extension 'python'
[0.158s] Level 1:colcon.colcon_core.package_identification:_identify(rtabmap_ros/docker/indigo/latest) by extensions ['python_setup_py']
[0.158s] Level 1:colcon.colcon_core.package_identification:_identify(rtabmap_ros/docker/indigo/latest) by extension 'python_setup_py'
[0.158s] Level 1:colcon.colcon_core.package_identification:_identify(rtabmap_ros/docker/indigo/latest/hooks) by extensions ['ignore', 'ignore_ament_install']
[0.158s] Level 1:colcon.colcon_core.package_identification:_identify(rtabmap_ros/docker/indigo/latest/hooks) by extension 'ignore'
[0.158s] Level 1:colcon.colcon_core.package_identification:_identify(rtabmap_ros/docker/indigo/latest/hooks) by extension 'ignore_ament_install'
[0.158s] Level 1:colcon.colcon_core.package_identification:_identify(rtabmap_ros/docker/indigo/latest/hooks) by extensions ['colcon_pkg']
[0.158s] Level 1:colcon.colcon_core.package_identification:_identify(rtabmap_ros/docker/indigo/latest/hooks) by extension 'colcon_pkg'
[0.158s] Level 1:colcon.colcon_core.package_identification:_identify(rtabmap_ros/docker/indigo/latest/hooks) by extensions ['colcon_meta']
[0.158s] Level 1:colcon.colcon_core.package_identification:_identify(rtabmap_ros/docker/indigo/latest/hooks) by extension 'colcon_meta'
[0.158s] Level 1:colcon.colcon_core.package_identification:_identify(rtabmap_ros/docker/indigo/latest/hooks) by extensions ['ros']
[0.158s] Level 1:colcon.colcon_core.package_identification:_identify(rtabmap_ros/docker/indigo/latest/hooks) by extension 'ros'
[0.158s] Level 1:colcon.colcon_core.package_identification:_identify(rtabmap_ros/docker/indigo/latest/hooks) by extensions ['cmake', 'python']
[0.158s] Level 1:colcon.colcon_core.package_identification:_identify(rtabmap_ros/docker/indigo/latest/hooks) by extension 'cmake'
[0.158s] Level 1:colcon.colcon_core.package_identification:_identify(rtabmap_ros/docker/indigo/latest/hooks) by extension 'python'
[0.158s] Level 1:colcon.colcon_core.package_identification:_identify(rtabmap_ros/docker/indigo/latest/hooks) by extensions ['python_setup_py']
[0.158s] Level 1:colcon.colcon_core.package_identification:_identify(rtabmap_ros/docker/indigo/latest/hooks) by extension 'python_setup_py'
[0.158s] Level 1:colcon.colcon_core.package_identification:_identify(rtabmap_ros/docker/iron) by extensions ['ignore', 'ignore_ament_install']
[0.158s] Level 1:colcon.colcon_core.package_identification:_identify(rtabmap_ros/docker/iron) by extension 'ignore'
[0.158s] Level 1:colcon.colcon_core.package_identification:_identify(rtabmap_ros/docker/iron) by extension 'ignore_ament_install'
[0.159s] Level 1:colcon.colcon_core.package_identification:_identify(rtabmap_ros/docker/iron) by extensions ['colcon_pkg']
[0.159s] Level 1:colcon.colcon_core.package_identification:_identify(rtabmap_ros/docker/iron) by extension 'colcon_pkg'
[0.159s] Level 1:colcon.colcon_core.package_identification:_identify(rtabmap_ros/docker/iron) by extensions ['colcon_meta']
[0.159s] Level 1:colcon.colcon_core.package_identification:_identify(rtabmap_ros/docker/iron) by extension 'colcon_meta'
[0.159s] Level 1:colcon.colcon_core.package_identification:_identify(rtabmap_ros/docker/iron) by extensions ['ros']
[0.159s] Level 1:colcon.colcon_core.package_identification:_identify(rtabmap_ros/docker/iron) by extension 'ros'
[0.159s] Level 1:colcon.colcon_core.package_identification:_identify(rtabmap_ros/docker/iron) by extensions ['cmake', 'python']
[0.159s] Level 1:colcon.colcon_core.package_identification:_identify(rtabmap_ros/docker/iron) by extension 'cmake'
[0.159s] Level 1:colcon.colcon_core.package_identification:_identify(rtabmap_ros/docker/iron) by extension 'python'
[0.159s] Level 1:colcon.colcon_core.package_identification:_identify(rtabmap_ros/docker/iron) by extensions ['python_setup_py']
[0.159s] Level 1:colcon.colcon_core.package_identification:_identify(rtabmap_ros/docker/iron) by extension 'python_setup_py'
[0.159s] Level 1:colcon.colcon_core.package_identification:_identify(rtabmap_ros/docker/iron/latest) by extensions ['ignore', 'ignore_ament_install']
[0.159s] Level 1:colcon.colcon_core.package_identification:_identify(rtabmap_ros/docker/iron/latest) by extension 'ignore'
[0.159s] Level 1:colcon.colcon_core.package_identification:_identify(rtabmap_ros/docker/iron/latest) by extension 'ignore_ament_install'
[0.159s] Level 1:colcon.colcon_core.package_identification:_identify(rtabmap_ros/docker/iron/latest) by extensions ['colcon_pkg']
[0.159s] Level 1:colcon.colcon_core.package_identification:_identify(rtabmap_ros/docker/iron/latest) by extension 'colcon_pkg'
[0.159s] Level 1:colcon.colcon_core.package_identification:_identify(rtabmap_ros/docker/iron/latest) by extensions ['colcon_meta']
[0.159s] Level 1:colcon.colcon_core.package_identification:_identify(rtabmap_ros/docker/iron/latest) by extension 'colcon_meta'
[0.159s] Level 1:colcon.colcon_core.package_identification:_identify(rtabmap_ros/docker/iron/latest) by extensions ['ros']
[0.159s] Level 1:colcon.colcon_core.package_identification:_identify(rtabmap_ros/docker/iron/latest) by extension 'ros'
[0.159s] Level 1:colcon.colcon_core.package_identification:_identify(rtabmap_ros/docker/iron/latest) by extensions ['cmake', 'python']
[0.159s] Level 1:colcon.colcon_core.package_identification:_identify(rtabmap_ros/docker/iron/latest) by extension 'cmake'
[0.159s] Level 1:colcon.colcon_core.package_identification:_identify(rtabmap_ros/docker/iron/latest) by extension 'python'
[0.159s] Level 1:colcon.colcon_core.package_identification:_identify(rtabmap_ros/docker/iron/latest) by extensions ['python_setup_py']
[0.159s] Level 1:colcon.colcon_core.package_identification:_identify(rtabmap_ros/docker/iron/latest) by extension 'python_setup_py'
[0.159s] Level 1:colcon.colcon_core.package_identification:_identify(rtabmap_ros/docker/jazzy) by extensions ['ignore', 'ignore_ament_install']
[0.159s] Level 1:colcon.colcon_core.package_identification:_identify(rtabmap_ros/docker/jazzy) by extension 'ignore'
[0.159s] Level 1:colcon.colcon_core.package_identification:_identify(rtabmap_ros/docker/jazzy) by extension 'ignore_ament_install'
[0.159s] Level 1:colcon.colcon_core.package_identification:_identify(rtabmap_ros/docker/jazzy) by extensions ['colcon_pkg']
[0.159s] Level 1:colcon.colcon_core.package_identification:_identify(rtabmap_ros/docker/jazzy) by extension 'colcon_pkg'
[0.159s] Level 1:colcon.colcon_core.package_identification:_identify(rtabmap_ros/docker/jazzy) by extensions ['colcon_meta']
[0.159s] Level 1:colcon.colcon_core.package_identification:_identify(rtabmap_ros/docker/jazzy) by extension 'colcon_meta'
[0.159s] Level 1:colcon.colcon_core.package_identification:_identify(rtabmap_ros/docker/jazzy) by extensions ['ros']
[0.159s] Level 1:colcon.colcon_core.package_identification:_identify(rtabmap_ros/docker/jazzy) by extension 'ros'
[0.159s] Level 1:colcon.colcon_core.package_identification:_identify(rtabmap_ros/docker/jazzy) by extensions ['cmake', 'python']
[0.159s] Level 1:colcon.colcon_core.package_identification:_identify(rtabmap_ros/docker/jazzy) by extension 'cmake'
[0.159s] Level 1:colcon.colcon_core.package_identification:_identify(rtabmap_ros/docker/jazzy) by extension 'python'
[0.159s] Level 1:colcon.colcon_core.package_identification:_identify(rtabmap_ros/docker/jazzy) by extensions ['python_setup_py']
[0.159s] Level 1:colcon.colcon_core.package_identification:_identify(rtabmap_ros/docker/jazzy) by extension 'python_setup_py'
[0.159s] Level 1:colcon.colcon_core.package_identification:_identify(rtabmap_ros/docker/jazzy/latest) by extensions ['ignore', 'ignore_ament_install']
[0.159s] Level 1:colcon.colcon_core.package_identification:_identify(rtabmap_ros/docker/jazzy/latest) by extension 'ignore'
[0.159s] Level 1:colcon.colcon_core.package_identification:_identify(rtabmap_ros/docker/jazzy/latest) by extension 'ignore_ament_install'
[0.159s] Level 1:colcon.colcon_core.package_identification:_identify(rtabmap_ros/docker/jazzy/latest) by extensions ['colcon_pkg']
[0.159s] Level 1:colcon.colcon_core.package_identification:_identify(rtabmap_ros/docker/jazzy/latest) by extension 'colcon_pkg'
[0.159s] Level 1:colcon.colcon_core.package_identification:_identify(rtabmap_ros/docker/jazzy/latest) by extensions ['colcon_meta']
[0.159s] Level 1:colcon.colcon_core.package_identification:_identify(rtabmap_ros/docker/jazzy/latest) by extension 'colcon_meta'
[0.159s] Level 1:colcon.colcon_core.package_identification:_identify(rtabmap_ros/docker/jazzy/latest) by extensions ['ros']
[0.159s] Level 1:colcon.colcon_core.package_identification:_identify(rtabmap_ros/docker/jazzy/latest) by extension 'ros'
[0.159s] Level 1:colcon.colcon_core.package_identification:_identify(rtabmap_ros/docker/jazzy/latest) by extensions ['cmake', 'python']
[0.159s] Level 1:colcon.colcon_core.package_identification:_identify(rtabmap_ros/docker/jazzy/latest) by extension 'cmake'
[0.159s] Level 1:colcon.colcon_core.package_identification:_identify(rtabmap_ros/docker/jazzy/latest) by extension 'python'
[0.159s] Level 1:colcon.colcon_core.package_identification:_identify(rtabmap_ros/docker/jazzy/latest) by extensions ['python_setup_py']
[0.159s] Level 1:colcon.colcon_core.package_identification:_identify(rtabmap_ros/docker/jazzy/latest) by extension 'python_setup_py'
[0.160s] Level 1:colcon.colcon_core.package_identification:_identify(rtabmap_ros/docker/jazzy/superpoint) by extensions ['ignore', 'ignore_ament_install']
[0.160s] Level 1:colcon.colcon_core.package_identification:_identify(rtabmap_ros/docker/jazzy/superpoint) by extension 'ignore'
[0.160s] Level 1:colcon.colcon_core.package_identification:_identify(rtabmap_ros/docker/jazzy/superpoint) by extension 'ignore_ament_install'
[0.160s] Level 1:colcon.colcon_core.package_identification:_identify(rtabmap_ros/docker/jazzy/superpoint) by extensions ['colcon_pkg']
[0.160s] Level 1:colcon.colcon_core.package_identification:_identify(rtabmap_ros/docker/jazzy/superpoint) by extension 'colcon_pkg'
[0.160s] Level 1:colcon.colcon_core.package_identification:_identify(rtabmap_ros/docker/jazzy/superpoint) by extensions ['colcon_meta']
[0.160s] Level 1:colcon.colcon_core.package_identification:_identify(rtabmap_ros/docker/jazzy/superpoint) by extension 'colcon_meta'
[0.160s] Level 1:colcon.colcon_core.package_identification:_identify(rtabmap_ros/docker/jazzy/superpoint) by extensions ['ros']
[0.160s] Level 1:colcon.colcon_core.package_identification:_identify(rtabmap_ros/docker/jazzy/superpoint) by extension 'ros'
[0.160s] Level 1:colcon.colcon_core.package_identification:_identify(rtabmap_ros/docker/jazzy/superpoint) by extensions ['cmake', 'python']
[0.160s] Level 1:colcon.colcon_core.package_identification:_identify(rtabmap_ros/docker/jazzy/superpoint) by extension 'cmake'
[0.160s] Level 1:colcon.colcon_core.package_identification:_identify(rtabmap_ros/docker/jazzy/superpoint) by extension 'python'
[0.160s] Level 1:colcon.colcon_core.package_identification:_identify(rtabmap_ros/docker/jazzy/superpoint) by extensions ['python_setup_py']
[0.160s] Level 1:colcon.colcon_core.package_identification:_identify(rtabmap_ros/docker/jazzy/superpoint) by extension 'python_setup_py'
[0.160s] Level 1:colcon.colcon_core.package_identification:_identify(rtabmap_ros/docker/kilted) by extensions ['ignore', 'ignore_ament_install']
[0.160s] Level 1:colcon.colcon_core.package_identification:_identify(rtabmap_ros/docker/kilted) by extension 'ignore'
[0.160s] Level 1:colcon.colcon_core.package_identification:_identify(rtabmap_ros/docker/kilted) by extension 'ignore_ament_install'
[0.160s] Level 1:colcon.colcon_core.package_identification:_identify(rtabmap_ros/docker/kilted) by extensions ['colcon_pkg']
[0.160s] Level 1:colcon.colcon_core.package_identification:_identify(rtabmap_ros/docker/kilted) by extension 'colcon_pkg'
[0.160s] Level 1:colcon.colcon_core.package_identification:_identify(rtabmap_ros/docker/kilted) by extensions ['colcon_meta']
[0.160s] Level 1:colcon.colcon_core.package_identification:_identify(rtabmap_ros/docker/kilted) by extension 'colcon_meta'
[0.160s] Level 1:colcon.colcon_core.package_identification:_identify(rtabmap_ros/docker/kilted) by extensions ['ros']
[0.160s] Level 1:colcon.colcon_core.package_identification:_identify(rtabmap_ros/docker/kilted) by extension 'ros'
[0.160s] Level 1:colcon.colcon_core.package_identification:_identify(rtabmap_ros/docker/kilted) by extensions ['cmake', 'python']
[0.160s] Level 1:colcon.colcon_core.package_identification:_identify(rtabmap_ros/docker/kilted) by extension 'cmake'
[0.160s] Level 1:colcon.colcon_core.package_identification:_identify(rtabmap_ros/docker/kilted) by extension 'python'
[0.160s] Level 1:colcon.colcon_core.package_identification:_identify(rtabmap_ros/docker/kilted) by extensions ['python_setup_py']
[0.160s] Level 1:colcon.colcon_core.package_identification:_identify(rtabmap_ros/docker/kilted) by extension 'python_setup_py'
[0.160s] Level 1:colcon.colcon_core.package_identification:_identify(rtabmap_ros/docker/kilted/latest) by extensions ['ignore', 'ignore_ament_install']
[0.160s] Level 1:colcon.colcon_core.package_identification:_identify(rtabmap_ros/docker/kilted/latest) by extension 'ignore'
[0.160s] Level 1:colcon.colcon_core.package_identification:_identify(rtabmap_ros/docker/kilted/latest) by extension 'ignore_ament_install'
[0.160s] Level 1:colcon.colcon_core.package_identification:_identify(rtabmap_ros/docker/kilted/latest) by extensions ['colcon_pkg']
[0.160s] Level 1:colcon.colcon_core.package_identification:_identify(rtabmap_ros/docker/kilted/latest) by extension 'colcon_pkg'
[0.160s] Level 1:colcon.colcon_core.package_identification:_identify(rtabmap_ros/docker/kilted/latest) by extensions ['colcon_meta']
[0.160s] Level 1:colcon.colcon_core.package_identification:_identify(rtabmap_ros/docker/kilted/latest) by extension 'colcon_meta'
[0.160s] Level 1:colcon.colcon_core.package_identification:_identify(rtabmap_ros/docker/kilted/latest) by extensions ['ros']
[0.160s] Level 1:colcon.colcon_core.package_identification:_identify(rtabmap_ros/docker/kilted/latest) by extension 'ros'
[0.160s] Level 1:colcon.colcon_core.package_identification:_identify(rtabmap_ros/docker/kilted/latest) by extensions ['cmake', 'python']
[0.160s] Level 1:colcon.colcon_core.package_identification:_identify(rtabmap_ros/docker/kilted/latest) by extension 'cmake'
[0.160s] Level 1:colcon.colcon_core.package_identification:_identify(rtabmap_ros/docker/kilted/latest) by extension 'python'
[0.160s] Level 1:colcon.colcon_core.package_identification:_identify(rtabmap_ros/docker/kilted/latest) by extensions ['python_setup_py']
[0.160s] Level 1:colcon.colcon_core.package_identification:_identify(rtabmap_ros/docker/kilted/latest) by extension 'python_setup_py'
[0.160s] Level 1:colcon.colcon_core.package_identification:_identify(rtabmap_ros/docker/kinetic) by extensions ['ignore', 'ignore_ament_install']
[0.160s] Level 1:colcon.colcon_core.package_identification:_identify(rtabmap_ros/docker/kinetic) by extension 'ignore'
[0.160s] Level 1:colcon.colcon_core.package_identification:_identify(rtabmap_ros/docker/kinetic) by extension 'ignore_ament_install'
[0.160s] Level 1:colcon.colcon_core.package_identification:_identify(rtabmap_ros/docker/kinetic) by extensions ['colcon_pkg']
[0.160s] Level 1:colcon.colcon_core.package_identification:_identify(rtabmap_ros/docker/kinetic) by extension 'colcon_pkg'
[0.160s] Level 1:colcon.colcon_core.package_identification:_identify(rtabmap_ros/docker/kinetic) by extensions ['colcon_meta']
[0.160s] Level 1:colcon.colcon_core.package_identification:_identify(rtabmap_ros/docker/kinetic) by extension 'colcon_meta'
[0.160s] Level 1:colcon.colcon_core.package_identification:_identify(rtabmap_ros/docker/kinetic) by extensions ['ros']
[0.160s] Level 1:colcon.colcon_core.package_identification:_identify(rtabmap_ros/docker/kinetic) by extension 'ros'
[0.161s] Level 1:colcon.colcon_core.package_identification:_identify(rtabmap_ros/docker/kinetic) by extensions ['cmake', 'python']
[0.161s] Level 1:colcon.colcon_core.package_identification:_identify(rtabmap_ros/docker/kinetic) by extension 'cmake'
[0.161s] Level 1:colcon.colcon_core.package_identification:_identify(rtabmap_ros/docker/kinetic) by extension 'python'
[0.161s] Level 1:colcon.colcon_core.package_identification:_identify(rtabmap_ros/docker/kinetic) by extensions ['python_setup_py']
[0.161s] Level 1:colcon.colcon_core.package_identification:_identify(rtabmap_ros/docker/kinetic) by extension 'python_setup_py'
[0.161s] Level 1:colcon.colcon_core.package_identification:_identify(rtabmap_ros/docker/kinetic/latest) by extensions ['ignore', 'ignore_ament_install']
[0.161s] Level 1:colcon.colcon_core.package_identification:_identify(rtabmap_ros/docker/kinetic/latest) by extension 'ignore'
[0.161s] Level 1:colcon.colcon_core.package_identification:_identify(rtabmap_ros/docker/kinetic/latest) by extension 'ignore_ament_install'
[0.161s] Level 1:colcon.colcon_core.package_identification:_identify(rtabmap_ros/docker/kinetic/latest) by extensions ['colcon_pkg']
[0.161s] Level 1:colcon.colcon_core.package_identification:_identify(rtabmap_ros/docker/kinetic/latest) by extension 'colcon_pkg'
[0.161s] Level 1:colcon.colcon_core.package_identification:_identify(rtabmap_ros/docker/kinetic/latest) by extensions ['colcon_meta']
[0.161s] Level 1:colcon.colcon_core.package_identification:_identify(rtabmap_ros/docker/kinetic/latest) by extension 'colcon_meta'
[0.161s] Level 1:colcon.colcon_core.package_identification:_identify(rtabmap_ros/docker/kinetic/latest) by extensions ['ros']
[0.161s] Level 1:colcon.colcon_core.package_identification:_identify(rtabmap_ros/docker/kinetic/latest) by extension 'ros'
[0.161s] Level 1:colcon.colcon_core.package_identification:_identify(rtabmap_ros/docker/kinetic/latest) by extensions ['cmake', 'python']
[0.161s] Level 1:colcon.colcon_core.package_identification:_identify(rtabmap_ros/docker/kinetic/latest) by extension 'cmake'
[0.161s] Level 1:colcon.colcon_core.package_identification:_identify(rtabmap_ros/docker/kinetic/latest) by extension 'python'
[0.161s] Level 1:colcon.colcon_core.package_identification:_identify(rtabmap_ros/docker/kinetic/latest) by extensions ['python_setup_py']
[0.161s] Level 1:colcon.colcon_core.package_identification:_identify(rtabmap_ros/docker/kinetic/latest) by extension 'python_setup_py'
[0.161s] Level 1:colcon.colcon_core.package_identification:_identify(rtabmap_ros/docker/kinetic/latest/hooks) by extensions ['ignore', 'ignore_ament_install']
[0.161s] Level 1:colcon.colcon_core.package_identification:_identify(rtabmap_ros/docker/kinetic/latest/hooks) by extension 'ignore'
[0.161s] Level 1:colcon.colcon_core.package_identification:_identify(rtabmap_ros/docker/kinetic/latest/hooks) by extension 'ignore_ament_install'
[0.161s] Level 1:colcon.colcon_core.package_identification:_identify(rtabmap_ros/docker/kinetic/latest/hooks) by extensions ['colcon_pkg']
[0.161s] Level 1:colcon.colcon_core.package_identification:_identify(rtabmap_ros/docker/kinetic/latest/hooks) by extension 'colcon_pkg'
[0.161s] Level 1:colcon.colcon_core.package_identification:_identify(rtabmap_ros/docker/kinetic/latest/hooks) by extensions ['colcon_meta']
[0.161s] Level 1:colcon.colcon_core.package_identification:_identify(rtabmap_ros/docker/kinetic/latest/hooks) by extension 'colcon_meta'
[0.161s] Level 1:colcon.colcon_core.package_identification:_identify(rtabmap_ros/docker/kinetic/latest/hooks) by extensions ['ros']
[0.161s] Level 1:colcon.colcon_core.package_identification:_identify(rtabmap_ros/docker/kinetic/latest/hooks) by extension 'ros'
[0.161s] Level 1:colcon.colcon_core.package_identification:_identify(rtabmap_ros/docker/kinetic/latest/hooks) by extensions ['cmake', 'python']
[0.161s] Level 1:colcon.colcon_core.package_identification:_identify(rtabmap_ros/docker/kinetic/latest/hooks) by extension 'cmake'
[0.161s] Level 1:colcon.colcon_core.package_identification:_identify(rtabmap_ros/docker/kinetic/latest/hooks) by extension 'python'
[0.161s] Level 1:colcon.colcon_core.package_identification:_identify(rtabmap_ros/docker/kinetic/latest/hooks) by extensions ['python_setup_py']
[0.161s] Level 1:colcon.colcon_core.package_identification:_identify(rtabmap_ros/docker/kinetic/latest/hooks) by extension 'python_setup_py'
[0.161s] Level 1:colcon.colcon_core.package_identification:_identify(rtabmap_ros/docker/melodic) by extensions ['ignore', 'ignore_ament_install']
[0.161s] Level 1:colcon.colcon_core.package_identification:_identify(rtabmap_ros/docker/melodic) by extension 'ignore'
[0.161s] Level 1:colcon.colcon_core.package_identification:_identify(rtabmap_ros/docker/melodic) by extension 'ignore_ament_install'
[0.161s] Level 1:colcon.colcon_core.package_identification:_identify(rtabmap_ros/docker/melodic) by extensions ['colcon_pkg']
[0.161s] Level 1:colcon.colcon_core.package_identification:_identify(rtabmap_ros/docker/melodic) by extension 'colcon_pkg'
[0.161s] Level 1:colcon.colcon_core.package_identification:_identify(rtabmap_ros/docker/melodic) by extensions ['colcon_meta']
[0.161s] Level 1:colcon.colcon_core.package_identification:_identify(rtabmap_ros/docker/melodic) by extension 'colcon_meta'
[0.161s] Level 1:colcon.colcon_core.package_identification:_identify(rtabmap_ros/docker/melodic) by extensions ['ros']
[0.161s] Level 1:colcon.colcon_core.package_identification:_identify(rtabmap_ros/docker/melodic) by extension 'ros'
[0.161s] Level 1:colcon.colcon_core.package_identification:_identify(rtabmap_ros/docker/melodic) by extensions ['cmake', 'python']
[0.161s] Level 1:colcon.colcon_core.package_identification:_identify(rtabmap_ros/docker/melodic) by extension 'cmake'
[0.161s] Level 1:colcon.colcon_core.package_identification:_identify(rtabmap_ros/docker/melodic) by extension 'python'
[0.161s] Level 1:colcon.colcon_core.package_identification:_identify(rtabmap_ros/docker/melodic) by extensions ['python_setup_py']
[0.161s] Level 1:colcon.colcon_core.package_identification:_identify(rtabmap_ros/docker/melodic) by extension 'python_setup_py'
[0.161s] Level 1:colcon.colcon_core.package_identification:_identify(rtabmap_ros/docker/melodic/latest) by extensions ['ignore', 'ignore_ament_install']
[0.161s] Level 1:colcon.colcon_core.package_identification:_identify(rtabmap_ros/docker/melodic/latest) by extension 'ignore'
[0.161s] Level 1:colcon.colcon_core.package_identification:_identify(rtabmap_ros/docker/melodic/latest) by extension 'ignore_ament_install'
[0.161s] Level 1:colcon.colcon_core.package_identification:_identify(rtabmap_ros/docker/melodic/latest) by extensions ['colcon_pkg']
[0.162s] Level 1:colcon.colcon_core.package_identification:_identify(rtabmap_ros/docker/melodic/latest) by extension 'colcon_pkg'
[0.162s] Level 1:colcon.colcon_core.package_identification:_identify(rtabmap_ros/docker/melodic/latest) by extensions ['colcon_meta']
[0.162s] Level 1:colcon.colcon_core.package_identification:_identify(rtabmap_ros/docker/melodic/latest) by extension 'colcon_meta'
[0.162s] Level 1:colcon.colcon_core.package_identification:_identify(rtabmap_ros/docker/melodic/latest) by extensions ['ros']
[0.162s] Level 1:colcon.colcon_core.package_identification:_identify(rtabmap_ros/docker/melodic/latest) by extension 'ros'
[0.162s] Level 1:colcon.colcon_core.package_identification:_identify(rtabmap_ros/docker/melodic/latest) by extensions ['cmake', 'python']
[0.162s] Level 1:colcon.colcon_core.package_identification:_identify(rtabmap_ros/docker/melodic/latest) by extension 'cmake'
[0.162s] Level 1:colcon.colcon_core.package_identification:_identify(rtabmap_ros/docker/melodic/latest) by extension 'python'
[0.162s] Level 1:colcon.colcon_core.package_identification:_identify(rtabmap_ros/docker/melodic/latest) by extensions ['python_setup_py']
[0.162s] Level 1:colcon.colcon_core.package_identification:_identify(rtabmap_ros/docker/melodic/latest) by extension 'python_setup_py'
[0.162s] Level 1:colcon.colcon_core.package_identification:_identify(rtabmap_ros/docker/melodic/latest/hooks) by extensions ['ignore', 'ignore_ament_install']
[0.162s] Level 1:colcon.colcon_core.package_identification:_identify(rtabmap_ros/docker/melodic/latest/hooks) by extension 'ignore'
[0.162s] Level 1:colcon.colcon_core.package_identification:_identify(rtabmap_ros/docker/melodic/latest/hooks) by extension 'ignore_ament_install'
[0.162s] Level 1:colcon.colcon_core.package_identification:_identify(rtabmap_ros/docker/melodic/latest/hooks) by extensions ['colcon_pkg']
[0.162s] Level 1:colcon.colcon_core.package_identification:_identify(rtabmap_ros/docker/melodic/latest/hooks) by extension 'colcon_pkg'
[0.162s] Level 1:colcon.colcon_core.package_identification:_identify(rtabmap_ros/docker/melodic/latest/hooks) by extensions ['colcon_meta']
[0.162s] Level 1:colcon.colcon_core.package_identification:_identify(rtabmap_ros/docker/melodic/latest/hooks) by extension 'colcon_meta'
[0.162s] Level 1:colcon.colcon_core.package_identification:_identify(rtabmap_ros/docker/melodic/latest/hooks) by extensions ['ros']
[0.162s] Level 1:colcon.colcon_core.package_identification:_identify(rtabmap_ros/docker/melodic/latest/hooks) by extension 'ros'
[0.162s] Level 1:colcon.colcon_core.package_identification:_identify(rtabmap_ros/docker/melodic/latest/hooks) by extensions ['cmake', 'python']
[0.162s] Level 1:colcon.colcon_core.package_identification:_identify(rtabmap_ros/docker/melodic/latest/hooks) by extension 'cmake'
[0.162s] Level 1:colcon.colcon_core.package_identification:_identify(rtabmap_ros/docker/melodic/latest/hooks) by extension 'python'
[0.162s] Level 1:colcon.colcon_core.package_identification:_identify(rtabmap_ros/docker/melodic/latest/hooks) by extensions ['python_setup_py']
[0.162s] Level 1:colcon.colcon_core.package_identification:_identify(rtabmap_ros/docker/melodic/latest/hooks) by extension 'python_setup_py'
[0.162s] Level 1:colcon.colcon_core.package_identification:_identify(rtabmap_ros/docker/noetic) by extensions ['ignore', 'ignore_ament_install']
[0.162s] Level 1:colcon.colcon_core.package_identification:_identify(rtabmap_ros/docker/noetic) by extension 'ignore'
[0.162s] Level 1:colcon.colcon_core.package_identification:_identify(rtabmap_ros/docker/noetic) by extension 'ignore_ament_install'
[0.162s] Level 1:colcon.colcon_core.package_identification:_identify(rtabmap_ros/docker/noetic) by extensions ['colcon_pkg']
[0.162s] Level 1:colcon.colcon_core.package_identification:_identify(rtabmap_ros/docker/noetic) by extension 'colcon_pkg'
[0.162s] Level 1:colcon.colcon_core.package_identification:_identify(rtabmap_ros/docker/noetic) by extensions ['colcon_meta']
[0.162s] Level 1:colcon.colcon_core.package_identification:_identify(rtabmap_ros/docker/noetic) by extension 'colcon_meta'
[0.162s] Level 1:colcon.colcon_core.package_identification:_identify(rtabmap_ros/docker/noetic) by extensions ['ros']
[0.162s] Level 1:colcon.colcon_core.package_identification:_identify(rtabmap_ros/docker/noetic) by extension 'ros'
[0.162s] Level 1:colcon.colcon_core.package_identification:_identify(rtabmap_ros/docker/noetic) by extensions ['cmake', 'python']
[0.162s] Level 1:colcon.colcon_core.package_identification:_identify(rtabmap_ros/docker/noetic) by extension 'cmake'
[0.162s] Level 1:colcon.colcon_core.package_identification:_identify(rtabmap_ros/docker/noetic) by extension 'python'
[0.162s] Level 1:colcon.colcon_core.package_identification:_identify(rtabmap_ros/docker/noetic) by extensions ['python_setup_py']
[0.162s] Level 1:colcon.colcon_core.package_identification:_identify(rtabmap_ros/docker/noetic) by extension 'python_setup_py'
[0.162s] Level 1:colcon.colcon_core.package_identification:_identify(rtabmap_ros/docker/noetic/latest) by extensions ['ignore', 'ignore_ament_install']
[0.162s] Level 1:colcon.colcon_core.package_identification:_identify(rtabmap_ros/docker/noetic/latest) by extension 'ignore'
[0.162s] Level 1:colcon.colcon_core.package_identification:_identify(rtabmap_ros/docker/noetic/latest) by extension 'ignore_ament_install'
[0.162s] Level 1:colcon.colcon_core.package_identification:_identify(rtabmap_ros/docker/noetic/latest) by extensions ['colcon_pkg']
[0.162s] Level 1:colcon.colcon_core.package_identification:_identify(rtabmap_ros/docker/noetic/latest) by extension 'colcon_pkg'
[0.162s] Level 1:colcon.colcon_core.package_identification:_identify(rtabmap_ros/docker/noetic/latest) by extensions ['colcon_meta']
[0.162s] Level 1:colcon.colcon_core.package_identification:_identify(rtabmap_ros/docker/noetic/latest) by extension 'colcon_meta'
[0.162s] Level 1:colcon.colcon_core.package_identification:_identify(rtabmap_ros/docker/noetic/latest) by extensions ['ros']
[0.162s] Level 1:colcon.colcon_core.package_identification:_identify(rtabmap_ros/docker/noetic/latest) by extension 'ros'
[0.162s] Level 1:colcon.colcon_core.package_identification:_identify(rtabmap_ros/docker/noetic/latest) by extensions ['cmake', 'python']
[0.162s] Level 1:colcon.colcon_core.package_identification:_identify(rtabmap_ros/docker/noetic/latest) by extension 'cmake'
[0.162s] Level 1:colcon.colcon_core.package_identification:_identify(rtabmap_ros/docker/noetic/latest) by extension 'python'
[0.162s] Level 1:colcon.colcon_core.package_identification:_identify(rtabmap_ros/docker/noetic/latest) by extensions ['python_setup_py']
[0.162s] Level 1:colcon.colcon_core.package_identification:_identify(rtabmap_ros/docker/noetic/latest) by extension 'python_setup_py'
[0.162s] Level 1:colcon.colcon_core.package_identification:_identify(rtabmap_ros/docker/noetic/latest/hooks) by extensions ['ignore', 'ignore_ament_install']
[0.163s] Level 1:colcon.colcon_core.package_identification:_identify(rtabmap_ros/docker/noetic/latest/hooks) by extension 'ignore'
[0.163s] Level 1:colcon.colcon_core.package_identification:_identify(rtabmap_ros/docker/noetic/latest/hooks) by extension 'ignore_ament_install'
[0.163s] Level 1:colcon.colcon_core.package_identification:_identify(rtabmap_ros/docker/noetic/latest/hooks) by extensions ['colcon_pkg']
[0.163s] Level 1:colcon.colcon_core.package_identification:_identify(rtabmap_ros/docker/noetic/latest/hooks) by extension 'colcon_pkg'
[0.163s] Level 1:colcon.colcon_core.package_identification:_identify(rtabmap_ros/docker/noetic/latest/hooks) by extensions ['colcon_meta']
[0.163s] Level 1:colcon.colcon_core.package_identification:_identify(rtabmap_ros/docker/noetic/latest/hooks) by extension 'colcon_meta'
[0.163s] Level 1:colcon.colcon_core.package_identification:_identify(rtabmap_ros/docker/noetic/latest/hooks) by extensions ['ros']
[0.163s] Level 1:colcon.colcon_core.package_identification:_identify(rtabmap_ros/docker/noetic/latest/hooks) by extension 'ros'
[0.163s] Level 1:colcon.colcon_core.package_identification:_identify(rtabmap_ros/docker/noetic/latest/hooks) by extensions ['cmake', 'python']
[0.163s] Level 1:colcon.colcon_core.package_identification:_identify(rtabmap_ros/docker/noetic/latest/hooks) by extension 'cmake'
[0.163s] Level 1:colcon.colcon_core.package_identification:_identify(rtabmap_ros/docker/noetic/latest/hooks) by extension 'python'
[0.163s] Level 1:colcon.colcon_core.package_identification:_identify(rtabmap_ros/docker/noetic/latest/hooks) by extensions ['python_setup_py']
[0.163s] Level 1:colcon.colcon_core.package_identification:_identify(rtabmap_ros/docker/noetic/latest/hooks) by extension 'python_setup_py'
[0.163s] Level 1:colcon.colcon_core.package_identification:_identify(rtabmap_ros/docker/noetic/superpoint) by extensions ['ignore', 'ignore_ament_install']
[0.163s] Level 1:colcon.colcon_core.package_identification:_identify(rtabmap_ros/docker/noetic/superpoint) by extension 'ignore'
[0.163s] Level 1:colcon.colcon_core.package_identification:_identify(rtabmap_ros/docker/noetic/superpoint) by extension 'ignore_ament_install'
[0.163s] Level 1:colcon.colcon_core.package_identification:_identify(rtabmap_ros/docker/noetic/superpoint) by extensions ['colcon_pkg']
[0.163s] Level 1:colcon.colcon_core.package_identification:_identify(rtabmap_ros/docker/noetic/superpoint) by extension 'colcon_pkg'
[0.163s] Level 1:colcon.colcon_core.package_identification:_identify(rtabmap_ros/docker/noetic/superpoint) by extensions ['colcon_meta']
[0.163s] Level 1:colcon.colcon_core.package_identification:_identify(rtabmap_ros/docker/noetic/superpoint) by extension 'colcon_meta'
[0.163s] Level 1:colcon.colcon_core.package_identification:_identify(rtabmap_ros/docker/noetic/superpoint) by extensions ['ros']
[0.163s] Level 1:colcon.colcon_core.package_identification:_identify(rtabmap_ros/docker/noetic/superpoint) by extension 'ros'
[0.163s] Level 1:colcon.colcon_core.package_identification:_identify(rtabmap_ros/docker/noetic/superpoint) by extensions ['cmake', 'python']
[0.163s] Level 1:colcon.colcon_core.package_identification:_identify(rtabmap_ros/docker/noetic/superpoint) by extension 'cmake'
[0.163s] Level 1:colcon.colcon_core.package_identification:_identify(rtabmap_ros/docker/noetic/superpoint) by extension 'python'
[0.163s] Level 1:colcon.colcon_core.package_identification:_identify(rtabmap_ros/docker/noetic/superpoint) by extensions ['python_setup_py']
[0.163s] Level 1:colcon.colcon_core.package_identification:_identify(rtabmap_ros/docker/noetic/superpoint) by extension 'python_setup_py'
[0.163s] Level 1:colcon.colcon_core.package_identification:_identify(rtabmap_ros/rtabmap_conversions) by extensions ['ignore', 'ignore_ament_install']
[0.163s] Level 1:colcon.colcon_core.package_identification:_identify(rtabmap_ros/rtabmap_conversions) by extension 'ignore'
[0.163s] Level 1:colcon.colcon_core.package_identification:_identify(rtabmap_ros/rtabmap_conversions) by extension 'ignore_ament_install'
[0.163s] Level 1:colcon.colcon_core.package_identification:_identify(rtabmap_ros/rtabmap_conversions) by extensions ['colcon_pkg']
[0.163s] Level 1:colcon.colcon_core.package_identification:_identify(rtabmap_ros/rtabmap_conversions) by extension 'colcon_pkg'
[0.163s] Level 1:colcon.colcon_core.package_identification:_identify(rtabmap_ros/rtabmap_conversions) by extensions ['colcon_meta']
[0.163s] Level 1:colcon.colcon_core.package_identification:_identify(rtabmap_ros/rtabmap_conversions) by extension 'colcon_meta'
[0.163s] Level 1:colcon.colcon_core.package_identification:_identify(rtabmap_ros/rtabmap_conversions) by extensions ['ros']
[0.163s] Level 1:colcon.colcon_core.package_identification:_identify(rtabmap_ros/rtabmap_conversions) by extension 'ros'
[0.164s] DEBUG:colcon.colcon_core.package_identification:Package 'rtabmap_ros/rtabmap_conversions' with type 'ros.ament_cmake' and name 'rtabmap_conversions'
[0.164s] Level 1:colcon.colcon_core.package_identification:_identify(rtabmap_ros/rtabmap_costmap_plugins) by extensions ['ignore', 'ignore_ament_install']
[0.164s] Level 1:colcon.colcon_core.package_identification:_identify(rtabmap_ros/rtabmap_costmap_plugins) by extension 'ignore'
[0.164s] Level 1:colcon.colcon_core.package_identification:_identify(rtabmap_ros/rtabmap_costmap_plugins) by extension 'ignore_ament_install'
[0.164s] Level 1:colcon.colcon_core.package_identification:_identify(rtabmap_ros/rtabmap_costmap_plugins) by extensions ['colcon_pkg']
[0.164s] Level 1:colcon.colcon_core.package_identification:_identify(rtabmap_ros/rtabmap_costmap_plugins) by extension 'colcon_pkg'
[0.164s] Level 1:colcon.colcon_core.package_identification:_identify(rtabmap_ros/rtabmap_costmap_plugins) by extensions ['colcon_meta']
[0.164s] Level 1:colcon.colcon_core.package_identification:_identify(rtabmap_ros/rtabmap_costmap_plugins) by extension 'colcon_meta'
[0.164s] Level 1:colcon.colcon_core.package_identification:_identify(rtabmap_ros/rtabmap_costmap_plugins) by extensions ['ros']
[0.164s] Level 1:colcon.colcon_core.package_identification:_identify(rtabmap_ros/rtabmap_costmap_plugins) by extension 'ros'
[0.164s] DEBUG:colcon.colcon_core.package_identification:Package 'rtabmap_ros/rtabmap_costmap_plugins' with type 'ros.ament_cmake' and name 'rtabmap_costmap_plugins'
[0.164s] Level 1:colcon.colcon_core.package_identification:_identify(rtabmap_ros/rtabmap_demos) by extensions ['ignore', 'ignore_ament_install']
[0.164s] Level 1:colcon.colcon_core.package_identification:_identify(rtabmap_ros/rtabmap_demos) by extension 'ignore'
[0.164s] Level 1:colcon.colcon_core.package_identification:_identify(rtabmap_ros/rtabmap_demos) by extension 'ignore_ament_install'
[0.164s] Level 1:colcon.colcon_core.package_identification:_identify(rtabmap_ros/rtabmap_demos) by extensions ['colcon_pkg']
[0.164s] Level 1:colcon.colcon_core.package_identification:_identify(rtabmap_ros/rtabmap_demos) by extension 'colcon_pkg'
[0.164s] Level 1:colcon.colcon_core.package_identification:_identify(rtabmap_ros/rtabmap_demos) by extensions ['colcon_meta']
[0.164s] Level 1:colcon.colcon_core.package_identification:_identify(rtabmap_ros/rtabmap_demos) by extension 'colcon_meta'
[0.164s] Level 1:colcon.colcon_core.package_identification:_identify(rtabmap_ros/rtabmap_demos) by extensions ['ros']
[0.164s] Level 1:colcon.colcon_core.package_identification:_identify(rtabmap_ros/rtabmap_demos) by extension 'ros'
[0.165s] DEBUG:colcon.colcon_core.package_identification:Package 'rtabmap_ros/rtabmap_demos' with type 'ros.ament_cmake' and name 'rtabmap_demos'
[0.165s] Level 1:colcon.colcon_core.package_identification:_identify(rtabmap_ros/rtabmap_examples) by extensions ['ignore', 'ignore_ament_install']
[0.165s] Level 1:colcon.colcon_core.package_identification:_identify(rtabmap_ros/rtabmap_examples) by extension 'ignore'
[0.165s] Level 1:colcon.colcon_core.package_identification:_identify(rtabmap_ros/rtabmap_examples) by extension 'ignore_ament_install'
[0.165s] Level 1:colcon.colcon_core.package_identification:_identify(rtabmap_ros/rtabmap_examples) by extensions ['colcon_pkg']
[0.165s] Level 1:colcon.colcon_core.package_identification:_identify(rtabmap_ros/rtabmap_examples) by extension 'colcon_pkg'
[0.165s] Level 1:colcon.colcon_core.package_identification:_identify(rtabmap_ros/rtabmap_examples) by extensions ['colcon_meta']
[0.165s] Level 1:colcon.colcon_core.package_identification:_identify(rtabmap_ros/rtabmap_examples) by extension 'colcon_meta'
[0.165s] Level 1:colcon.colcon_core.package_identification:_identify(rtabmap_ros/rtabmap_examples) by extensions ['ros']
[0.165s] Level 1:colcon.colcon_core.package_identification:_identify(rtabmap_ros/rtabmap_examples) by extension 'ros'
[0.165s] DEBUG:colcon.colcon_core.package_identification:Package 'rtabmap_ros/rtabmap_examples' with type 'ros.ament_cmake' and name 'rtabmap_examples'
[0.165s] Level 1:colcon.colcon_core.package_identification:_identify(rtabmap_ros/rtabmap_launch) by extensions ['ignore', 'ignore_ament_install']
[0.165s] Level 1:colcon.colcon_core.package_identification:_identify(rtabmap_ros/rtabmap_launch) by extension 'ignore'
[0.165s] Level 1:colcon.colcon_core.package_identification:_identify(rtabmap_ros/rtabmap_launch) by extension 'ignore_ament_install'
[0.165s] Level 1:colcon.colcon_core.package_identification:_identify(rtabmap_ros/rtabmap_launch) by extensions ['colcon_pkg']
[0.165s] Level 1:colcon.colcon_core.package_identification:_identify(rtabmap_ros/rtabmap_launch) by extension 'colcon_pkg'
[0.165s] Level 1:colcon.colcon_core.package_identification:_identify(rtabmap_ros/rtabmap_launch) by extensions ['colcon_meta']
[0.165s] Level 1:colcon.colcon_core.package_identification:_identify(rtabmap_ros/rtabmap_launch) by extension 'colcon_meta'
[0.165s] Level 1:colcon.colcon_core.package_identification:_identify(rtabmap_ros/rtabmap_launch) by extensions ['ros']
[0.165s] Level 1:colcon.colcon_core.package_identification:_identify(rtabmap_ros/rtabmap_launch) by extension 'ros'
[0.166s] DEBUG:colcon.colcon_core.package_identification:Package 'rtabmap_ros/rtabmap_launch' with type 'ros.ament_cmake' and name 'rtabmap_launch'
[0.166s] Level 1:colcon.colcon_core.package_identification:_identify(rtabmap_ros/rtabmap_msgs) by extensions ['ignore', 'ignore_ament_install']
[0.166s] Level 1:colcon.colcon_core.package_identification:_identify(rtabmap_ros/rtabmap_msgs) by extension 'ignore'
[0.166s] Level 1:colcon.colcon_core.package_identification:_identify(rtabmap_ros/rtabmap_msgs) by extension 'ignore_ament_install'
[0.166s] Level 1:colcon.colcon_core.package_identification:_identify(rtabmap_ros/rtabmap_msgs) by extensions ['colcon_pkg']
[0.166s] Level 1:colcon.colcon_core.package_identification:_identify(rtabmap_ros/rtabmap_msgs) by extension 'colcon_pkg'
[0.166s] Level 1:colcon.colcon_core.package_identification:_identify(rtabmap_ros/rtabmap_msgs) by extensions ['colcon_meta']
[0.166s] Level 1:colcon.colcon_core.package_identification:_identify(rtabmap_ros/rtabmap_msgs) by extension 'colcon_meta'
[0.166s] Level 1:colcon.colcon_core.package_identification:_identify(rtabmap_ros/rtabmap_msgs) by extensions ['ros']
[0.166s] Level 1:colcon.colcon_core.package_identification:_identify(rtabmap_ros/rtabmap_msgs) by extension 'ros'
[0.166s] DEBUG:colcon.colcon_core.package_identification:Package 'rtabmap_ros/rtabmap_msgs' with type 'ros.ament_cmake' and name 'rtabmap_msgs'
[0.166s] Level 1:colcon.colcon_core.package_identification:_identify(rtabmap_ros/rtabmap_odom) by extensions ['ignore', 'ignore_ament_install']
[0.166s] Level 1:colcon.colcon_core.package_identification:_identify(rtabmap_ros/rtabmap_odom) by extension 'ignore'
[0.166s] Level 1:colcon.colcon_core.package_identification:_identify(rtabmap_ros/rtabmap_odom) by extension 'ignore_ament_install'
[0.166s] Level 1:colcon.colcon_core.package_identification:_identify(rtabmap_ros/rtabmap_odom) by extensions ['colcon_pkg']
[0.166s] Level 1:colcon.colcon_core.package_identification:_identify(rtabmap_ros/rtabmap_odom) by extension 'colcon_pkg'
[0.166s] Level 1:colcon.colcon_core.package_identification:_identify(rtabmap_ros/rtabmap_odom) by extensions ['colcon_meta']
[0.166s] Level 1:colcon.colcon_core.package_identification:_identify(rtabmap_ros/rtabmap_odom) by extension 'colcon_meta'
[0.166s] Level 1:colcon.colcon_core.package_identification:_identify(rtabmap_ros/rtabmap_odom) by extensions ['ros']
[0.166s] Level 1:colcon.colcon_core.package_identification:_identify(rtabmap_ros/rtabmap_odom) by extension 'ros'
[0.167s] DEBUG:colcon.colcon_core.package_identification:Package 'rtabmap_ros/rtabmap_odom' with type 'ros.ament_cmake' and name 'rtabmap_odom'
[0.167s] Level 1:colcon.colcon_core.package_identification:_identify(rtabmap_ros/rtabmap_python) by extensions ['ignore', 'ignore_ament_install']
[0.167s] Level 1:colcon.colcon_core.package_identification:_identify(rtabmap_ros/rtabmap_python) by extension 'ignore'
[0.167s] Level 1:colcon.colcon_core.package_identification:_identify(rtabmap_ros/rtabmap_python) by extension 'ignore_ament_install'
[0.167s] Level 1:colcon.colcon_core.package_identification:_identify(rtabmap_ros/rtabmap_python) by extensions ['colcon_pkg']
[0.167s] Level 1:colcon.colcon_core.package_identification:_identify(rtabmap_ros/rtabmap_python) by extension 'colcon_pkg'
[0.167s] Level 1:colcon.colcon_core.package_identification:_identify(rtabmap_ros/rtabmap_python) by extensions ['colcon_meta']
[0.167s] Level 1:colcon.colcon_core.package_identification:_identify(rtabmap_ros/rtabmap_python) by extension 'colcon_meta'
[0.167s] Level 1:colcon.colcon_core.package_identification:_identify(rtabmap_ros/rtabmap_python) by extensions ['ros']
[0.167s] Level 1:colcon.colcon_core.package_identification:_identify(rtabmap_ros/rtabmap_python) by extension 'ros'
[0.167s] DEBUG:colcon.colcon_core.package_identification:Package 'rtabmap_ros/rtabmap_python' with type 'ros.ament_python' and name 'rtabmap_python'
[0.167s] Level 1:colcon.colcon_core.package_identification:_identify(rtabmap_ros/rtabmap_ros) by extensions ['ignore', 'ignore_ament_install']
[0.167s] Level 1:colcon.colcon_core.package_identification:_identify(rtabmap_ros/rtabmap_ros) by extension 'ignore'
[0.168s] Level 1:colcon.colcon_core.package_identification:_identify(rtabmap_ros/rtabmap_ros) by extension 'ignore_ament_install'
[0.168s] Level 1:colcon.colcon_core.package_identification:_identify(rtabmap_ros/rtabmap_ros) by extensions ['colcon_pkg']
[0.168s] Level 1:colcon.colcon_core.package_identification:_identify(rtabmap_ros/rtabmap_ros) by extension 'colcon_pkg'
[0.168s] Level 1:colcon.colcon_core.package_identification:_identify(rtabmap_ros/rtabmap_ros) by extensions ['colcon_meta']
[0.168s] Level 1:colcon.colcon_core.package_identification:_identify(rtabmap_ros/rtabmap_ros) by extension 'colcon_meta'
[0.168s] Level 1:colcon.colcon_core.package_identification:_identify(rtabmap_ros/rtabmap_ros) by extensions ['ros']
[0.168s] Level 1:colcon.colcon_core.package_identification:_identify(rtabmap_ros/rtabmap_ros) by extension 'ros'
[0.168s] DEBUG:colcon.colcon_core.package_identification:Package 'rtabmap_ros/rtabmap_ros' with type 'ros.ament_cmake' and name 'rtabmap_ros'
[0.168s] Level 1:colcon.colcon_core.package_identification:_identify(rtabmap_ros/rtabmap_rviz_plugins) by extensions ['ignore', 'ignore_ament_install']
[0.168s] Level 1:colcon.colcon_core.package_identification:_identify(rtabmap_ros/rtabmap_rviz_plugins) by extension 'ignore'
[0.168s] Level 1:colcon.colcon_core.package_identification:_identify(rtabmap_ros/rtabmap_rviz_plugins) by extension 'ignore_ament_install'
[0.168s] Level 1:colcon.colcon_core.package_identification:_identify(rtabmap_ros/rtabmap_rviz_plugins) by extensions ['colcon_pkg']
[0.168s] Level 1:colcon.colcon_core.package_identification:_identify(rtabmap_ros/rtabmap_rviz_plugins) by extension 'colcon_pkg'
[0.168s] Level 1:colcon.colcon_core.package_identification:_identify(rtabmap_ros/rtabmap_rviz_plugins) by extensions ['colcon_meta']
[0.168s] Level 1:colcon.colcon_core.package_identification:_identify(rtabmap_ros/rtabmap_rviz_plugins) by extension 'colcon_meta'
[0.168s] Level 1:colcon.colcon_core.package_identification:_identify(rtabmap_ros/rtabmap_rviz_plugins) by extensions ['ros']
[0.168s] Level 1:colcon.colcon_core.package_identification:_identify(rtabmap_ros/rtabmap_rviz_plugins) by extension 'ros'
[0.169s] DEBUG:colcon.colcon_core.package_identification:Package 'rtabmap_ros/rtabmap_rviz_plugins' with type 'ros.ament_cmake' and name 'rtabmap_rviz_plugins'
[0.169s] Level 1:colcon.colcon_core.package_identification:_identify(rtabmap_ros/rtabmap_slam) by extensions ['ignore', 'ignore_ament_install']
[0.169s] Level 1:colcon.colcon_core.package_identification:_identify(rtabmap_ros/rtabmap_slam) by extension 'ignore'
[0.169s] Level 1:colcon.colcon_core.package_identification:_identify(rtabmap_ros/rtabmap_slam) by extension 'ignore_ament_install'
[0.169s] Level 1:colcon.colcon_core.package_identification:_identify(rtabmap_ros/rtabmap_slam) by extensions ['colcon_pkg']
[0.169s] Level 1:colcon.colcon_core.package_identification:_identify(rtabmap_ros/rtabmap_slam) by extension 'colcon_pkg'
[0.169s] Level 1:colcon.colcon_core.package_identification:_identify(rtabmap_ros/rtabmap_slam) by extensions ['colcon_meta']
[0.169s] Level 1:colcon.colcon_core.package_identification:_identify(rtabmap_ros/rtabmap_slam) by extension 'colcon_meta'
[0.169s] Level 1:colcon.colcon_core.package_identification:_identify(rtabmap_ros/rtabmap_slam) by extensions ['ros']
[0.169s] Level 1:colcon.colcon_core.package_identification:_identify(rtabmap_ros/rtabmap_slam) by extension 'ros'
[0.169s] DEBUG:colcon.colcon_core.package_identification:Package 'rtabmap_ros/rtabmap_slam' with type 'ros.ament_cmake' and name 'rtabmap_slam'
[0.170s] Level 1:colcon.colcon_core.package_identification:_identify(rtabmap_ros/rtabmap_sync) by extensions ['ignore', 'ignore_ament_install']
[0.170s] Level 1:colcon.colcon_core.package_identification:_identify(rtabmap_ros/rtabmap_sync) by extension 'ignore'
[0.170s] Level 1:colcon.colcon_core.package_identification:_identify(rtabmap_ros/rtabmap_sync) by extension 'ignore_ament_install'
[0.170s] Level 1:colcon.colcon_core.package_identification:_identify(rtabmap_ros/rtabmap_sync) by extensions ['colcon_pkg']
[0.170s] Level 1:colcon.colcon_core.package_identification:_identify(rtabmap_ros/rtabmap_sync) by extension 'colcon_pkg'
[0.170s] Level 1:colcon.colcon_core.package_identification:_identify(rtabmap_ros/rtabmap_sync) by extensions ['colcon_meta']
[0.170s] Level 1:colcon.colcon_core.package_identification:_identify(rtabmap_ros/rtabmap_sync) by extension 'colcon_meta'
[0.170s] Level 1:colcon.colcon_core.package_identification:_identify(rtabmap_ros/rtabmap_sync) by extensions ['ros']
[0.170s] Level 1:colcon.colcon_core.package_identification:_identify(rtabmap_ros/rtabmap_sync) by extension 'ros'
[0.170s] DEBUG:colcon.colcon_core.package_identification:Package 'rtabmap_ros/rtabmap_sync' with type 'ros.ament_cmake' and name 'rtabmap_sync'
[0.170s] Level 1:colcon.colcon_core.package_identification:_identify(rtabmap_ros/rtabmap_util) by extensions ['ignore', 'ignore_ament_install']
[0.170s] Level 1:colcon.colcon_core.package_identification:_identify(rtabmap_ros/rtabmap_util) by extension 'ignore'
[0.170s] Level 1:colcon.colcon_core.package_identification:_identify(rtabmap_ros/rtabmap_util) by extension 'ignore_ament_install'
[0.170s] Level 1:colcon.colcon_core.package_identification:_identify(rtabmap_ros/rtabmap_util) by extensions ['colcon_pkg']
[0.170s] Level 1:colcon.colcon_core.package_identification:_identify(rtabmap_ros/rtabmap_util) by extension 'colcon_pkg'
[0.170s] Level 1:colcon.colcon_core.package_identification:_identify(rtabmap_ros/rtabmap_util) by extensions ['colcon_meta']
[0.170s] Level 1:colcon.colcon_core.package_identification:_identify(rtabmap_ros/rtabmap_util) by extension 'colcon_meta'
[0.170s] Level 1:colcon.colcon_core.package_identification:_identify(rtabmap_ros/rtabmap_util) by extensions ['ros']
[0.170s] Level 1:colcon.colcon_core.package_identification:_identify(rtabmap_ros/rtabmap_util) by extension 'ros'
[0.171s] DEBUG:colcon.colcon_core.package_identification:Package 'rtabmap_ros/rtabmap_util' with type 'ros.ament_cmake' and name 'rtabmap_util'
[0.171s] Level 1:colcon.colcon_core.package_identification:_identify(rtabmap_ros/rtabmap_viz) by extensions ['ignore', 'ignore_ament_install']
[0.171s] Level 1:colcon.colcon_core.package_identification:_identify(rtabmap_ros/rtabmap_viz) by extension 'ignore'
[0.171s] Level 1:colcon.colcon_core.package_identification:_identify(rtabmap_ros/rtabmap_viz) by extension 'ignore_ament_install'
[0.171s] Level 1:colcon.colcon_core.package_identification:_identify(rtabmap_ros/rtabmap_viz) by extensions ['colcon_pkg']
[0.171s] Level 1:colcon.colcon_core.package_identification:_identify(rtabmap_ros/rtabmap_viz) by extension 'colcon_pkg'
[0.171s] Level 1:colcon.colcon_core.package_identification:_identify(rtabmap_ros/rtabmap_viz) by extensions ['colcon_meta']
[0.171s] Level 1:colcon.colcon_core.package_identification:_identify(rtabmap_ros/rtabmap_viz) by extension 'colcon_meta'
[0.171s] Level 1:colcon.colcon_core.package_identification:_identify(rtabmap_ros/rtabmap_viz) by extensions ['ros']
[0.171s] Level 1:colcon.colcon_core.package_identification:_identify(rtabmap_ros/rtabmap_viz) by extension 'ros'
[0.172s] DEBUG:colcon.colcon_core.package_identification:Package 'rtabmap_ros/rtabmap_viz' with type 'ros.ament_cmake' and name 'rtabmap_viz'
[0.172s] Level 1:colcon.colcon_core.package_identification:_identify(scan_to_cloud2) by extensions ['ignore', 'ignore_ament_install']
[0.172s] Level 1:colcon.colcon_core.package_identification:_identify(scan_to_cloud2) by extension 'ignore'
[0.172s] Level 1:colcon.colcon_core.package_identification:_identify(scan_to_cloud2) by extension 'ignore_ament_install'
[0.172s] Level 1:colcon.colcon_core.package_identification:_identify(scan_to_cloud2) by extensions ['colcon_pkg']
[0.172s] Level 1:colcon.colcon_core.package_identification:_identify(scan_to_cloud2) by extension 'colcon_pkg'
[0.172s] Level 1:colcon.colcon_core.package_identification:_identify(scan_to_cloud2) by extensions ['colcon_meta']
[0.172s] Level 1:colcon.colcon_core.package_identification:_identify(scan_to_cloud2) by extension 'colcon_meta'
[0.172s] Level 1:colcon.colcon_core.package_identification:_identify(scan_to_cloud2) by extensions ['ros']
[0.172s] Level 1:colcon.colcon_core.package_identification:_identify(scan_to_cloud2) by extension 'ros'
[0.172s] DEBUG:colcon.colcon_core.package_identification:Package 'scan_to_cloud2' with type 'ros.ament_python' and name 'scan_to_cloud2'
[0.172s] Level 1:colcon.colcon_core.package_identification:_identify(stonefish_ros2) by extensions ['ignore', 'ignore_ament_install']
[0.172s] Level 1:colcon.colcon_core.package_identification:_identify(stonefish_ros2) by extension 'ignore'
[0.172s] Level 1:colcon.colcon_core.package_identification:_identify(stonefish_ros2) by extension 'ignore_ament_install'
[0.172s] Level 1:colcon.colcon_core.package_identification:_identify(stonefish_ros2) by extensions ['colcon_pkg']
[0.172s] Level 1:colcon.colcon_core.package_identification:_identify(stonefish_ros2) by extension 'colcon_pkg'
[0.172s] Level 1:colcon.colcon_core.package_identification:_identify(stonefish_ros2) by extensions ['colcon_meta']
[0.172s] Level 1:colcon.colcon_core.package_identification:_identify(stonefish_ros2) by extension 'colcon_meta'
[0.173s] Level 1:colcon.colcon_core.package_identification:_identify(stonefish_ros2) by extensions ['ros']
[0.173s] Level 1:colcon.colcon_core.package_identification:_identify(stonefish_ros2) by extension 'ros'
[0.173s] DEBUG:colcon.colcon_core.package_identification:Package 'stonefish_ros2' with type 'ros.ament_cmake' and name 'stonefish_ros2'
[0.173s] Level 1:colcon.colcon_core.package_identification:_identify(swiftpro_description) by extensions ['ignore', 'ignore_ament_install']
[0.173s] Level 1:colcon.colcon_core.package_identification:_identify(swiftpro_description) by extension 'ignore'
[0.173s] Level 1:colcon.colcon_core.package_identification:_identify(swiftpro_description) by extension 'ignore_ament_install'
[0.173s] Level 1:colcon.colcon_core.package_identification:_identify(swiftpro_description) by extensions ['colcon_pkg']
[0.173s] Level 1:colcon.colcon_core.package_identification:_identify(swiftpro_description) by extension 'colcon_pkg'
[0.173s] Level 1:colcon.colcon_core.package_identification:_identify(swiftpro_description) by extensions ['colcon_meta']
[0.173s] Level 1:colcon.colcon_core.package_identification:_identify(swiftpro_description) by extension 'colcon_meta'
[0.173s] Level 1:colcon.colcon_core.package_identification:_identify(swiftpro_description) by extensions ['ros']
[0.173s] Level 1:colcon.colcon_core.package_identification:_identify(swiftpro_description) by extension 'ros'
[0.174s] DEBUG:colcon.colcon_core.package_identification:Package 'swiftpro_description' with type 'ros.ament_cmake' and name 'swiftpro_description'
[0.174s] Level 1:colcon.colcon_core.package_identification:_identify(turtlebot_description) by extensions ['ignore', 'ignore_ament_install']
[0.174s] Level 1:colcon.colcon_core.package_identification:_identify(turtlebot_description) by extension 'ignore'
[0.174s] Level 1:colcon.colcon_core.package_identification:_identify(turtlebot_description) by extension 'ignore_ament_install'
[0.174s] Level 1:colcon.colcon_core.package_identification:_identify(turtlebot_description) by extensions ['colcon_pkg']
[0.174s] Level 1:colcon.colcon_core.package_identification:_identify(turtlebot_description) by extension 'colcon_pkg'
[0.174s] Level 1:colcon.colcon_core.package_identification:_identify(turtlebot_description) by extensions ['colcon_meta']
[0.174s] Level 1:colcon.colcon_core.package_identification:_identify(turtlebot_description) by extension 'colcon_meta'
[0.174s] Level 1:colcon.colcon_core.package_identification:_identify(turtlebot_description) by extensions ['ros']
[0.174s] Level 1:colcon.colcon_core.package_identification:_identify(turtlebot_description) by extension 'ros'
[0.174s] DEBUG:colcon.colcon_core.package_identification:Package 'turtlebot_description' with type 'ros.ament_cmake' and name 'turtlebot_description'
[0.174s] Level 1:colcon.colcon_core.package_identification:_identify(turtlebot_rviz) by extensions ['ignore', 'ignore_ament_install']
[0.174s] Level 1:colcon.colcon_core.package_identification:_identify(turtlebot_rviz) by extension 'ignore'
[0.174s] Level 1:colcon.colcon_core.package_identification:_identify(turtlebot_rviz) by extension 'ignore_ament_install'
[0.174s] Level 1:colcon.colcon_core.package_identification:_identify(turtlebot_rviz) by extensions ['colcon_pkg']
[0.174s] Level 1:colcon.colcon_core.package_identification:_identify(turtlebot_rviz) by extension 'colcon_pkg'
[0.174s] Level 1:colcon.colcon_core.package_identification:_identify(turtlebot_rviz) by extensions ['colcon_meta']
[0.174s] Level 1:colcon.colcon_core.package_identification:_identify(turtlebot_rviz) by extension 'colcon_meta'
[0.174s] Level 1:colcon.colcon_core.package_identification:_identify(turtlebot_rviz) by extensions ['ros']
[0.174s] Level 1:colcon.colcon_core.package_identification:_identify(turtlebot_rviz) by extension 'ros'
[0.174s] DEBUG:colcon.colcon_core.package_identification:Package 'turtlebot_rviz' with type 'ros.ament_python' and name 'turtlebot_rviz'
[0.174s] Level 1:colcon.colcon_core.package_identification:_identify(turtlebot_simulation) by extensions ['ignore', 'ignore_ament_install']
[0.175s] Level 1:colcon.colcon_core.package_identification:_identify(turtlebot_simulation) by extension 'ignore'
[0.175s] Level 1:colcon.colcon_core.package_identification:_identify(turtlebot_simulation) by extension 'ignore_ament_install'
[0.175s] Level 1:colcon.colcon_core.package_identification:_identify(turtlebot_simulation) by extensions ['colcon_pkg']
[0.175s] Level 1:colcon.colcon_core.package_identification:_identify(turtlebot_simulation) by extension 'colcon_pkg'
[0.175s] Level 1:colcon.colcon_core.package_identification:_identify(turtlebot_simulation) by extensions ['colcon_meta']
[0.175s] Level 1:colcon.colcon_core.package_identification:_identify(turtlebot_simulation) by extension 'colcon_meta'
[0.175s] Level 1:colcon.colcon_core.package_identification:_identify(turtlebot_simulation) by extensions ['ros']
[0.175s] Level 1:colcon.colcon_core.package_identification:_identify(turtlebot_simulation) by extension 'ros'
[0.175s] DEBUG:colcon.colcon_core.package_identification:Package 'turtlebot_simulation' with type 'ros.ament_cmake' and name 'turtlebot_simulation'
[0.175s] Level 1:colcon.colcon_core.package_identification:_identify(tutorial_interfaces) by extensions ['ignore', 'ignore_ament_install']
[0.175s] Level 1:colcon.colcon_core.package_identification:_identify(tutorial_interfaces) by extension 'ignore'
[0.175s] Level 1:colcon.colcon_core.package_identification:_identify(tutorial_interfaces) by extension 'ignore_ament_install'
[0.175s] Level 1:colcon.colcon_core.package_identification:_identify(tutorial_interfaces) by extensions ['colcon_pkg']
[0.175s] Level 1:colcon.colcon_core.package_identification:_identify(tutorial_interfaces) by extension 'colcon_pkg'
[0.175s] Level 1:colcon.colcon_core.package_identification:_identify(tutorial_interfaces) by extensions ['colcon_meta']
[0.175s] Level 1:colcon.colcon_core.package_identification:_identify(tutorial_interfaces) by extension 'colcon_meta'
[0.175s] Level 1:colcon.colcon_core.package_identification:_identify(tutorial_interfaces) by extensions ['ros']
[0.175s] Level 1:colcon.colcon_core.package_identification:_identify(tutorial_interfaces) by extension 'ros'
[0.175s] DEBUG:colcon.colcon_core.package_identification:Package 'tutorial_interfaces' with type 'ros.ament_cmake' and name 'tutorial_interfaces'
[0.175s] Level 1:colcon.colcon_core.package_discovery:discover_packages(recursive) using defaults
[0.175s] Level 1:colcon.colcon_core.package_discovery:discover_packages(ignore) discover
[0.175s] Level 1:colcon.colcon_core.package_discovery:discover_packages(ignore) using defaults
[0.175s] Level 1:colcon.colcon_core.package_discovery:discover_packages(path) discover
[0.175s] Level 1:colcon.colcon_core.package_discovery:discover_packages(path) using defaults
[0.190s] INFO:colcon.colcon_core.package_selection:Skipping not selected package 'cerveza_tb_planning' in 'cerveza_tb_planning-master'
[0.190s] INFO:colcon.colcon_core.package_selection:Skipping not selected package 'kobuki_description' in 'kobuki_description'
[0.190s] INFO:colcon.colcon_core.package_selection:Skipping not selected package 'localisation' in 'localisation'
[0.190s] INFO:colcon.colcon_core.package_selection:Skipping not selected package 'octomap_rviz_plugins' in 'octomap_rviz_plugins'
[0.190s] INFO:colcon.colcon_core.package_selection:Skipping not selected package 'rtabmap' in 'rtabmap'
[0.190s] INFO:colcon.colcon_core.package_selection:Skipping not selected package 'rtabmap_costmap_plugins' in 'rtabmap_ros/rtabmap_costmap_plugins'
[0.190s] INFO:colcon.colcon_core.package_selection:Skipping not selected package 'rtabmap_msgs' in 'rtabmap_ros/rtabmap_msgs'
[0.190s] INFO:colcon.colcon_core.package_selection:Skipping not selected package 'rtabmap_python' in 'rtabmap_ros/rtabmap_python'
[0.190s] INFO:colcon.colcon_core.package_selection:Skipping not selected package 'scan_to_cloud2' in 'scan_to_cloud2'
[0.190s] INFO:colcon.colcon_core.package_selection:Skipping not selected package 'stonefish_ros2' in 'stonefish_ros2'
[0.190s] INFO:colcon.colcon_core.package_selection:Skipping not selected package 'swiftpro_description' in 'swiftpro_description'
[0.190s] INFO:colcon.colcon_core.package_selection:Skipping not selected package 'turtlebot_rviz' in 'turtlebot_rviz'
[0.190s] INFO:colcon.colcon_core.package_selection:Skipping not selected package 'tutorial_interfaces' in 'tutorial_interfaces'
[0.190s] INFO:colcon.colcon_core.package_selection:Skipping not selected package 'lab1_1' in 'lab1_1'
[0.191s] INFO:colcon.colcon_core.package_selection:Skipping not selected package 'rtabmap_conversions' in 'rtabmap_ros/rtabmap_conversions'
[0.191s] INFO:colcon.colcon_core.package_selection:Skipping not selected package 'turtlebot_description' in 'turtlebot_description'
[0.191s] INFO:colcon.colcon_core.package_selection:Skipping not selected package 'rtabmap_rviz_plugins' in 'rtabmap_ros/rtabmap_rviz_plugins'
[0.191s] INFO:colcon.colcon_core.package_selection:Skipping not selected package 'rtabmap_sync' in 'rtabmap_ros/rtabmap_sync'
[0.191s] INFO:colcon.colcon_core.package_selection:Skipping not selected package 'turtlebot_simulation' in 'turtlebot_simulation'
[0.191s] INFO:colcon.colcon_core.package_selection:Skipping not selected package 'rtabmap_util' in 'rtabmap_ros/rtabmap_util'
[0.191s] INFO:colcon.colcon_core.package_selection:Skipping not selected package 'rtabmap_viz' in 'rtabmap_ros/rtabmap_viz'
[0.191s] INFO:colcon.colcon_core.package_selection:Skipping not selected package 'rtabmap_odom' in 'rtabmap_ros/rtabmap_odom'
[0.191s] INFO:colcon.colcon_core.package_selection:Skipping not selected package 'rtabmap_slam' in 'rtabmap_ros/rtabmap_slam'
[0.191s] INFO:colcon.colcon_core.package_selection:Skipping not selected package 'rtabmap_demos' in 'rtabmap_ros/rtabmap_demos'
[0.191s] INFO:colcon.colcon_core.package_selection:Skipping not selected package 'rtabmap_examples' in 'rtabmap_ros/rtabmap_examples'
[0.191s] INFO:colcon.colcon_core.package_selection:Skipping not selected package 'rtabmap_launch' in 'rtabmap_ros/rtabmap_launch'
[0.191s] INFO:colcon.colcon_core.package_selection:Skipping not selected package 'rtabmap_ros' in 'rtabmap_ros/rtabmap_ros'
[0.191s] Level 1:colcon.colcon_core.package_discovery:discover_packages(prefix_path) check parameters
[0.191s] Level 1:colcon.colcon_core.package_discovery:discover_packages(prefix_path) discover
[0.194s] DEBUG:colcon.colcon_installed_package_information.package_discovery:Found 543 installed packages in /opt/ros/jazzy
[0.194s] Level 1:colcon.colcon_core.package_discovery:discover_packages(prefix_path) using defaults
[0.232s] Level 5:colcon.colcon_core.verb:set package 'depthimage_to_laserscan' build argument 'cmake_args' from command line to 'None'
[0.232s] Level 5:colcon.colcon_core.verb:set package 'depthimage_to_laserscan' build argument 'cmake_target' from command line to 'None'
[0.232s] Level 5:colcon.colcon_core.verb:set package 'depthimage_to_laserscan' build argument 'cmake_target_skip_unavailable' from command line to 'False'
[0.232s] Level 5:colcon.colcon_core.verb:set package 'depthimage_to_laserscan' build argument 'cmake_clean_cache' from command line to 'False'
[0.232s] Level 5:colcon.colcon_core.verb:set package 'depthimage_to_laserscan' build argument 'cmake_clean_first' from command line to 'False'
[0.232s] Level 5:colcon.colcon_core.verb:set package 'depthimage_to_laserscan' build argument 'cmake_force_configure' from command line to 'False'
[0.232s] Level 5:colcon.colcon_core.verb:set package 'depthimage_to_laserscan' build argument 'ament_cmake_args' from command line to 'None'
[0.232s] Level 5:colcon.colcon_core.verb:set package 'depthimage_to_laserscan' build argument 'catkin_cmake_args' from command line to 'None'
[0.232s] Level 5:colcon.colcon_core.verb:set package 'depthimage_to_laserscan' build argument 'catkin_skip_building_tests' from command line to 'False'
[0.232s] DEBUG:colcon.colcon_core.verb:Building package 'depthimage_to_laserscan' with the following arguments: {'ament_cmake_args': None, 'build_base': '/home/haadi/ROS2_Crash_Course/ros2_ws/src/build/depthimage_to_laserscan', 'catkin_cmake_args': None, 'catkin_skip_building_tests': False, 'cmake_args': None, 'cmake_clean_cache': False, 'cmake_clean_first': False, 'cmake_force_configure': False, 'cmake_target': None, 'cmake_target_skip_unavailable': False, 'install_base': '/home/haadi/ROS2_Crash_Course/ros2_ws/src/install/depthimage_to_laserscan', 'merge_install': False, 'path': '/home/haadi/ROS2_Crash_Course/ros2_ws/src/depthimage_to_laserscan', 'symlink_install': True, 'test_result_base': None}
[0.232s] INFO:colcon.colcon_core.executor:Executing jobs using 'parallel' executor
[0.233s] DEBUG:colcon.colcon_parallel_executor.executor.parallel:run_until_complete
[0.233s] INFO:colcon.colcon_ros.task.ament_cmake.build:Building ROS package in '/home/haadi/ROS2_Crash_Course/ros2_ws/src/depthimage_to_laserscan' with build type 'ament_cmake'
[0.233s] INFO:colcon.colcon_cmake.task.cmake.build:Building CMake package in '/home/haadi/ROS2_Crash_Course/ros2_ws/src/depthimage_to_laserscan'
[0.236s] INFO:colcon.colcon_core.plugin_system:Skipping extension 'colcon_core.shell.bat': Not used on non-Windows systems
[0.236s] INFO:colcon.colcon_core.shell:Skip shell extension 'powershell' for command environment: Not usable outside of PowerShell
[0.236s] DEBUG:colcon.colcon_core.shell:Skip shell extension 'dsv' for command environment
[0.242s] DEBUG:colcon.colcon_core.event_handler.log_command:Invoking command in '/home/haadi/ROS2_Crash_Course/ros2_ws/src/build/depthimage_to_laserscan': CMAKE_PREFIX_PATH=${CMAKE_PREFIX_PATH}:/opt/ros/jazzy DEBUGINFOD_URLS=https://debuginfod.ubuntu.com /usr/bin/cmake --build /home/haadi/ROS2_Crash_Course/ros2_ws/src/build/depthimage_to_laserscan
[2.146s] DEBUG:colcon.colcon_core.event_handler.log_command:Invoked command in '/home/haadi/ROS2_Crash_Course/ros2_ws/src/build/depthimage_to_laserscan' returned '0': CMAKE_PREFIX_PATH=${CMAKE_PREFIX_PATH}:/opt/ros/jazzy DEBUGINFOD_URLS=https://debuginfod.ubuntu.com /usr/bin/cmake --build /home/haadi/ROS2_Crash_Course/ros2_ws/src/build/depthimage_to_laserscan
[2.152s] DEBUG:colcon.colcon_core.event_handler.log_command:Invoking command in '/home/haadi/ROS2_Crash_Course/ros2_ws/src/build/depthimage_to_laserscan': CMAKE_PREFIX_PATH=${CMAKE_PREFIX_PATH}:/opt/ros/jazzy DEBUGINFOD_URLS=https://debuginfod.ubuntu.com /usr/bin/cmake --install /home/haadi/ROS2_Crash_Course/ros2_ws/src/build/depthimage_to_laserscan
[2.434s] Level 1:colcon.colcon_core.environment:create_environment_scripts_only(depthimage_to_laserscan)
[2.434s] DEBUG:colcon.colcon_core.event_handler.log_command:Invoked command in '/home/haadi/ROS2_Crash_Course/ros2_ws/src/build/depthimage_to_laserscan' returned '0': CMAKE_PREFIX_PATH=${CMAKE_PREFIX_PATH}:/opt/ros/jazzy DEBUGINFOD_URLS=https://debuginfod.ubuntu.com /usr/bin/cmake --install /home/haadi/ROS2_Crash_Course/ros2_ws/src/build/depthimage_to_laserscan
[2.439s] Level 1:colcon.colcon_core.environment:checking '/home/haadi/ROS2_Crash_Course/ros2_ws/src/install/depthimage_to_laserscan' for CMake module files
[2.440s] Level 1:colcon.colcon_core.environment:checking '/home/haadi/ROS2_Crash_Course/ros2_ws/src/install/depthimage_to_laserscan' for CMake config files
[2.440s] Level 1:colcon.colcon_core.shell:create_environment_hook('depthimage_to_laserscan', 'cmake_prefix_path')
[2.440s] INFO:colcon.colcon_core.shell:Creating environment hook '/home/haadi/ROS2_Crash_Course/ros2_ws/src/install/depthimage_to_laserscan/share/depthimage_to_laserscan/hook/cmake_prefix_path.ps1'
[2.441s] INFO:colcon.colcon_core.shell:Creating environment descriptor '/home/haadi/ROS2_Crash_Course/ros2_ws/src/install/depthimage_to_laserscan/share/depthimage_to_laserscan/hook/cmake_prefix_path.dsv'
[2.441s] INFO:colcon.colcon_core.shell:Creating environment hook '/home/haadi/ROS2_Crash_Course/ros2_ws/src/install/depthimage_to_laserscan/share/depthimage_to_laserscan/hook/cmake_prefix_path.sh'
[2.442s] Level 1:colcon.colcon_core.environment:checking '/home/haadi/ROS2_Crash_Course/ros2_ws/src/install/depthimage_to_laserscan/lib'
[2.442s] Level 1:colcon.colcon_core.shell:create_environment_hook('depthimage_to_laserscan', 'ld_library_path_lib')
[2.442s] INFO:colcon.colcon_core.shell:Creating environment hook '/home/haadi/ROS2_Crash_Course/ros2_ws/src/install/depthimage_to_laserscan/share/depthimage_to_laserscan/hook/ld_library_path_lib.ps1'
[2.443s] INFO:colcon.colcon_core.shell:Creating environment descriptor '/home/haadi/ROS2_Crash_Course/ros2_ws/src/install/depthimage_to_laserscan/share/depthimage_to_laserscan/hook/ld_library_path_lib.dsv'
[2.443s] INFO:colcon.colcon_core.shell:Creating environment hook '/home/haadi/ROS2_Crash_Course/ros2_ws/src/install/depthimage_to_laserscan/share/depthimage_to_laserscan/hook/ld_library_path_lib.sh'
[2.443s] Level 1:colcon.colcon_core.environment:checking '/home/haadi/ROS2_Crash_Course/ros2_ws/src/install/depthimage_to_laserscan/bin'
[2.443s] Level 1:colcon.colcon_core.environment:checking '/home/haadi/ROS2_Crash_Course/ros2_ws/src/install/depthimage_to_laserscan/lib/pkgconfig/depthimage_to_laserscan.pc'
[2.443s] Level 1:colcon.colcon_core.environment:checking '/home/haadi/ROS2_Crash_Course/ros2_ws/src/install/depthimage_to_laserscan/lib/python3.12/site-packages'
[2.444s] Level 1:colcon.colcon_core.environment:checking '/home/haadi/ROS2_Crash_Course/ros2_ws/src/install/depthimage_to_laserscan/bin'
[2.444s] INFO:colcon.colcon_core.shell:Creating package script '/home/haadi/ROS2_Crash_Course/ros2_ws/src/install/depthimage_to_laserscan/share/depthimage_to_laserscan/package.ps1'
[2.445s] INFO:colcon.colcon_core.shell:Creating package descriptor '/home/haadi/ROS2_Crash_Course/ros2_ws/src/install/depthimage_to_laserscan/share/depthimage_to_laserscan/package.dsv'
[2.445s] INFO:colcon.colcon_core.shell:Creating package script '/home/haadi/ROS2_Crash_Course/ros2_ws/src/install/depthimage_to_laserscan/share/depthimage_to_laserscan/package.sh'
[2.446s] INFO:colcon.colcon_core.shell:Creating package script '/home/haadi/ROS2_Crash_Course/ros2_ws/src/install/depthimage_to_laserscan/share/depthimage_to_laserscan/package.bash'
[2.446s] INFO:colcon.colcon_core.shell:Creating package script '/home/haadi/ROS2_Crash_Course/ros2_ws/src/install/depthimage_to_laserscan/share/depthimage_to_laserscan/package.zsh'
[2.447s] Level 1:colcon.colcon_core.environment:create_file_with_runtime_dependencies(/home/haadi/ROS2_Crash_Course/ros2_ws/src/install/depthimage_to_laserscan/share/colcon-core/packages/depthimage_to_laserscan)
[2.447s] Level 1:colcon.colcon_core.environment:create_environment_scripts_only(depthimage_to_laserscan)
[2.447s] Level 1:colcon.colcon_core.environment:checking '/home/haadi/ROS2_Crash_Course/ros2_ws/src/install/depthimage_to_laserscan' for CMake module files
[2.448s] Level 1:colcon.colcon_core.environment:checking '/home/haadi/ROS2_Crash_Course/ros2_ws/src/install/depthimage_to_laserscan' for CMake config files
[2.448s] Level 1:colcon.colcon_core.shell:create_environment_hook('depthimage_to_laserscan', 'cmake_prefix_path')
[2.448s] INFO:colcon.colcon_core.shell:Creating environment hook '/home/haadi/ROS2_Crash_Course/ros2_ws/src/install/depthimage_to_laserscan/share/depthimage_to_laserscan/hook/cmake_prefix_path.ps1'
[2.449s] INFO:colcon.colcon_core.shell:Creating environment descriptor '/home/haadi/ROS2_Crash_Course/ros2_ws/src/install/depthimage_to_laserscan/share/depthimage_to_laserscan/hook/cmake_prefix_path.dsv'
[2.449s] INFO:colcon.colcon_core.shell:Creating environment hook '/home/haadi/ROS2_Crash_Course/ros2_ws/src/install/depthimage_to_laserscan/share/depthimage_to_laserscan/hook/cmake_prefix_path.sh'
[2.449s] Level 1:colcon.colcon_core.environment:checking '/home/haadi/ROS2_Crash_Course/ros2_ws/src/install/depthimage_to_laserscan/lib'
[2.449s] Level 1:colcon.colcon_core.shell:create_environment_hook('depthimage_to_laserscan', 'ld_library_path_lib')
[2.449s] INFO:colcon.colcon_core.shell:Creating environment hook '/home/haadi/ROS2_Crash_Course/ros2_ws/src/install/depthimage_to_laserscan/share/depthimage_to_laserscan/hook/ld_library_path_lib.ps1'
[2.450s] INFO:colcon.colcon_core.shell:Creating environment descriptor '/home/haadi/ROS2_Crash_Course/ros2_ws/src/install/depthimage_to_laserscan/share/depthimage_to_laserscan/hook/ld_library_path_lib.dsv'
[2.450s] INFO:colcon.colcon_core.shell:Creating environment hook '/home/haadi/ROS2_Crash_Course/ros2_ws/src/install/depthimage_to_laserscan/share/depthimage_to_laserscan/hook/ld_library_path_lib.sh'
[2.450s] Level 1:colcon.colcon_core.environment:checking '/home/haadi/ROS2_Crash_Course/ros2_ws/src/install/depthimage_to_laserscan/bin'
[2.450s] Level 1:colcon.colcon_core.environment:checking '/home/haadi/ROS2_Crash_Course/ros2_ws/src/install/depthimage_to_laserscan/lib/pkgconfig/depthimage_to_laserscan.pc'
[2.450s] Level 1:colcon.colcon_core.environment:checking '/home/haadi/ROS2_Crash_Course/ros2_ws/src/install/depthimage_to_laserscan/lib/python3.12/site-packages'
[2.450s] Level 1:colcon.colcon_core.environment:checking '/home/haadi/ROS2_Crash_Course/ros2_ws/src/install/depthimage_to_laserscan/bin'
[2.451s] INFO:colcon.colcon_core.shell:Creating package script '/home/haadi/ROS2_Crash_Course/ros2_ws/src/install/depthimage_to_laserscan/share/depthimage_to_laserscan/package.ps1'
[2.451s] INFO:colcon.colcon_core.shell:Creating package descriptor '/home/haadi/ROS2_Crash_Course/ros2_ws/src/install/depthimage_to_laserscan/share/depthimage_to_laserscan/package.dsv'
[2.451s] INFO:colcon.colcon_core.shell:Creating package script '/home/haadi/ROS2_Crash_Course/ros2_ws/src/install/depthimage_to_laserscan/share/depthimage_to_laserscan/package.sh'
[2.451s] INFO:colcon.colcon_core.shell:Creating package script '/home/haadi/ROS2_Crash_Course/ros2_ws/src/install/depthimage_to_laserscan/share/depthimage_to_laserscan/package.bash'
[2.452s] INFO:colcon.colcon_core.shell:Creating package script '/home/haadi/ROS2_Crash_Course/ros2_ws/src/install/depthimage_to_laserscan/share/depthimage_to_laserscan/package.zsh'
[2.452s] Level 1:colcon.colcon_core.environment:create_file_with_runtime_dependencies(/home/haadi/ROS2_Crash_Course/ros2_ws/src/install/depthimage_to_laserscan/share/colcon-core/packages/depthimage_to_laserscan)
[2.452s] DEBUG:colcon.colcon_parallel_executor.executor.parallel:closing loop
[2.452s] DEBUG:colcon.colcon_parallel_executor.executor.parallel:loop closed
[2.452s] DEBUG:colcon.colcon_parallel_executor.executor.parallel:run_until_complete finished with '0'
[2.452s] DEBUG:colcon.colcon_core.event_reactor:joining thread
[2.455s] INFO:colcon.colcon_core.plugin_system:Skipping extension 'colcon_notification.desktop_notification.terminal_notifier': Not used on non-Darwin systems
[2.455s] INFO:colcon.colcon_core.plugin_system:Skipping extension 'colcon_notification.desktop_notification.win32': Not used on non-Windows systems
[2.455s] INFO:colcon.colcon_notification.desktop_notification:Sending desktop notification using 'notify2'
[2.465s] DEBUG:colcon.colcon_core.event_reactor:joined thread
[2.466s] INFO:colcon.colcon_core.shell:Creating prefix script '/home/haadi/ROS2_Crash_Course/ros2_ws/src/install/local_setup.ps1'
[2.466s] INFO:colcon.colcon_core.shell:Creating prefix util module '/home/haadi/ROS2_Crash_Course/ros2_ws/src/install/_local_setup_util_ps1.py'
[2.467s] INFO:colcon.colcon_core.shell:Creating prefix chain script '/home/haadi/ROS2_Crash_Course/ros2_ws/src/install/setup.ps1'
[2.468s] INFO:colcon.colcon_core.shell:Creating prefix script '/home/haadi/ROS2_Crash_Course/ros2_ws/src/install/local_setup.sh'
[2.469s] INFO:colcon.colcon_core.shell:Creating prefix util module '/home/haadi/ROS2_Crash_Course/ros2_ws/src/install/_local_setup_util_sh.py'
[2.469s] INFO:colcon.colcon_core.shell:Creating prefix chain script '/home/haadi/ROS2_Crash_Course/ros2_ws/src/install/setup.sh'
[2.470s] INFO:colcon.colcon_core.shell:Creating prefix script '/home/haadi/ROS2_Crash_Course/ros2_ws/src/install/local_setup.bash'
[2.470s] INFO:colcon.colcon_core.shell:Creating prefix chain script '/home/haadi/ROS2_Crash_Course/ros2_ws/src/install/setup.bash'
[2.470s] INFO:colcon.colcon_core.shell:Creating prefix script '/home/haadi/ROS2_Crash_Course/ros2_ws/src/install/local_setup.zsh'
[2.471s] INFO:colcon.colcon_core.shell:Creating prefix chain script '/home/haadi/ROS2_Crash_Course/ros2_ws/src/install/setup.zsh'
